"address/country","address/full","address/postalCode","address/region","address/street","breakfast","checkInFrom","checkInTo","description","image","location","name","order","price","rating","reviews","rooms/0/available","rooms/0/bedType","rooms/0/conditions/0","rooms/0/conditions/1","rooms/0/conditions/2","rooms/0/currency","rooms/0/features/0","rooms/0/features/1","rooms/0/features/2","rooms/0/features/3","rooms/0/features/4","rooms/0/features/5","rooms/0/features/6","rooms/0/features/7","rooms/0/features/8","rooms/0/features/9","rooms/0/features/10","rooms/0/features/11","rooms/0/features/12","rooms/0/features/13","rooms/0/features/14","rooms/0/features/15","rooms/0/features/16","rooms/0/features/17","rooms/0/features/18","rooms/0/features/19","rooms/0/features/20","rooms/0/features/21","rooms/0/features/22","rooms/0/features/23","rooms/0/features/24","rooms/0/features/25","rooms/0/features/26","rooms/0/features/27","rooms/0/features/28","rooms/0/features/29","rooms/0/features/30","rooms/0/features/31","rooms/0/features/32","rooms/0/features/33","rooms/0/features/34","rooms/0/features/35","rooms/0/features/36","rooms/0/features/37","rooms/0/features/38","rooms/0/features/39","rooms/0/features/40","rooms/0/features/41","rooms/0/features/42","rooms/0/features/43","rooms/0/features/44","rooms/0/features/45","rooms/0/features/46","rooms/0/persons","rooms/0/price","rooms/0/roomType","rooms/1/available","rooms/1/bedType","rooms/1/conditions/0","rooms/1/conditions/1","rooms/1/conditions/2","rooms/1/currency","rooms/1/features/0","rooms/1/features/1","rooms/1/features/2","rooms/1/features/3","rooms/1/features/4","rooms/1/features/5","rooms/1/features/6","rooms/1/features/7","rooms/1/features/8","rooms/1/features/9","rooms/1/features/10","rooms/1/features/11","rooms/1/features/12","rooms/1/features/13","rooms/1/features/14","rooms/1/features/15","rooms/1/features/16","rooms/1/features/17","rooms/1/features/18","rooms/1/features/19","rooms/1/features/20","rooms/1/features/21","rooms/1/features/22","rooms/1/features/23","rooms/1/features/24","rooms/1/features/25","rooms/1/features/26","rooms/1/features/27","rooms/1/features/28","rooms/1/features/29","rooms/1/features/30","rooms/1/features/31","rooms/1/features/32","rooms/1/features/33","rooms/1/features/34","rooms/1/features/35","rooms/1/features/36","rooms/1/features/37","rooms/1/features/38","rooms/1/features/39","rooms/1/features/40","rooms/1/features/41","rooms/1/features/42","rooms/1/features/43","rooms/1/features/44","rooms/1/features/45","rooms/1/features/46","rooms/1/features/47","rooms/1/persons","rooms/1/price","rooms/1/roomType","rooms/2/available","rooms/2/bedType","rooms/2/conditions/0","rooms/2/conditions/1","rooms/2/conditions/2","rooms/2/currency","rooms/2/features/0","rooms/2/features/1","rooms/2/features/2","rooms/2/features/3","rooms/2/features/4","rooms/2/features/5","rooms/2/features/6","rooms/2/features/7","rooms/2/features/8","rooms/2/features/9","rooms/2/features/10","rooms/2/features/11","rooms/2/features/12","rooms/2/features/13","rooms/2/features/14","rooms/2/features/15","rooms/2/features/16","rooms/2/features/17","rooms/2/features/18","rooms/2/features/19","rooms/2/features/20","rooms/2/features/21","rooms/2/features/22","rooms/2/features/23","rooms/2/features/24","rooms/2/features/25","rooms/2/features/26","rooms/2/features/27","rooms/2/features/28","rooms/2/features/29","rooms/2/features/30","rooms/2/features/31","rooms/2/features/32","rooms/2/features/33","rooms/2/features/34","rooms/2/features/35","rooms/2/features/36","rooms/2/features/37","rooms/2/features/38","rooms/2/features/39","rooms/2/features/40","rooms/2/features/41","rooms/2/features/42","rooms/2/features/43","rooms/2/features/44","rooms/2/persons","rooms/2/price","rooms/2/roomType","rooms/3/available","rooms/3/bedType","rooms/3/conditions/0","rooms/3/conditions/1","rooms/3/conditions/2","rooms/3/currency","rooms/3/features/0","rooms/3/features/1","rooms/3/features/2","rooms/3/features/3","rooms/3/features/4","rooms/3/features/5","rooms/3/features/6","rooms/3/features/7","rooms/3/features/8","rooms/3/features/9","rooms/3/features/10","rooms/3/features/11","rooms/3/features/12","rooms/3/features/13","rooms/3/features/14","rooms/3/features/15","rooms/3/features/16","rooms/3/features/17","rooms/3/features/18","rooms/3/features/19","rooms/3/features/20","rooms/3/features/21","rooms/3/features/22","rooms/3/features/23","rooms/3/features/24","rooms/3/features/25","rooms/3/features/26","rooms/3/features/27","rooms/3/features/28","rooms/3/features/29","rooms/3/features/30","rooms/3/features/31","rooms/3/features/32","rooms/3/features/33","rooms/3/features/34","rooms/3/features/35","rooms/3/features/36","rooms/3/features/37","rooms/3/features/38","rooms/3/features/39","rooms/3/features/40","rooms/3/features/41","rooms/3/persons","rooms/3/price","rooms/3/roomType","rooms/4/available","rooms/4/bedType","rooms/4/conditions/0","rooms/4/conditions/1","rooms/4/conditions/2","rooms/4/currency","rooms/4/features/0","rooms/4/features/1","rooms/4/features/2","rooms/4/features/3","rooms/4/features/4","rooms/4/features/5","rooms/4/features/6","rooms/4/features/7","rooms/4/features/8","rooms/4/features/9","rooms/4/features/10","rooms/4/features/11","rooms/4/features/12","rooms/4/features/13","rooms/4/features/14","rooms/4/features/15","rooms/4/features/16","rooms/4/features/17","rooms/4/features/18","rooms/4/features/19","rooms/4/features/20","rooms/4/features/21","rooms/4/features/22","rooms/4/features/23","rooms/4/features/24","rooms/4/features/25","rooms/4/features/26","rooms/4/features/27","rooms/4/features/28","rooms/4/features/29","rooms/4/features/30","rooms/4/features/31","rooms/4/features/32","rooms/4/features/33","rooms/4/features/34","rooms/4/features/35","rooms/4/features/36","rooms/4/features/37","rooms/4/persons","rooms/4/price","rooms/4/roomType","rooms/5/available","rooms/5/bedType","rooms/5/conditions/0","rooms/5/conditions/1","rooms/5/conditions/2","rooms/5/currency","rooms/5/features/0","rooms/5/features/1","rooms/5/features/2","rooms/5/features/3","rooms/5/features/4","rooms/5/features/5","rooms/5/features/6","rooms/5/features/7","rooms/5/features/8","rooms/5/features/9","rooms/5/features/10","rooms/5/features/11","rooms/5/features/12","rooms/5/features/13","rooms/5/features/14","rooms/5/features/15","rooms/5/features/16","rooms/5/features/17","rooms/5/features/18","rooms/5/features/19","rooms/5/features/20","rooms/5/features/21","rooms/5/features/22","rooms/5/features/23","rooms/5/features/24","rooms/5/features/25","rooms/5/features/26","rooms/5/features/27","rooms/5/features/28","rooms/5/features/29","rooms/5/features/30","rooms/5/features/31","rooms/5/features/32","rooms/5/features/33","rooms/5/features/34","rooms/5/features/35","rooms/5/features/36","rooms/5/features/37","rooms/5/features/38","rooms/5/features/39","rooms/5/persons","rooms/5/price","rooms/5/roomType","rooms/6/available","rooms/6/bedType","rooms/6/conditions/0","rooms/6/conditions/1","rooms/6/conditions/2","rooms/6/currency","rooms/6/features/0","rooms/6/features/1","rooms/6/features/2","rooms/6/features/3","rooms/6/features/4","rooms/6/features/5","rooms/6/features/6","rooms/6/features/7","rooms/6/features/8","rooms/6/features/9","rooms/6/features/10","rooms/6/features/11","rooms/6/features/12","rooms/6/features/13","rooms/6/features/14","rooms/6/features/15","rooms/6/features/16","rooms/6/features/17","rooms/6/features/18","rooms/6/features/19","rooms/6/features/20","rooms/6/features/21","rooms/6/features/22","rooms/6/features/23","rooms/6/features/24","rooms/6/features/25","rooms/6/features/26","rooms/6/features/27","rooms/6/features/28","rooms/6/features/29","rooms/6/features/30","rooms/6/features/31","rooms/6/features/32","rooms/6/features/33","rooms/6/features/34","rooms/6/features/35","rooms/6/features/36","rooms/6/features/37","rooms/6/persons","rooms/6/price","rooms/6/roomType","rooms/7/available","rooms/7/bedType","rooms/7/conditions/0","rooms/7/conditions/1","rooms/7/currency","rooms/7/features/0","rooms/7/features/1","rooms/7/features/2","rooms/7/features/3","rooms/7/features/4","rooms/7/features/5","rooms/7/features/6","rooms/7/features/7","rooms/7/features/8","rooms/7/features/9","rooms/7/features/10","rooms/7/features/11","rooms/7/features/12","rooms/7/features/13","rooms/7/features/14","rooms/7/features/15","rooms/7/features/16","rooms/7/features/17","rooms/7/features/18","rooms/7/features/19","rooms/7/features/20","rooms/7/features/21","rooms/7/features/22","rooms/7/features/23","rooms/7/features/24","rooms/7/features/25","rooms/7/features/26","rooms/7/features/27","rooms/7/features/28","rooms/7/features/29","rooms/7/features/30","rooms/7/features/31","rooms/7/features/32","rooms/7/features/33","rooms/7/features/34","rooms/7/features/35","rooms/7/features/36","rooms/7/features/37","rooms/7/persons","rooms/7/price","rooms/7/roomType","rooms/8/available","rooms/8/bedType","rooms/8/conditions/0","rooms/8/conditions/1","rooms/8/currency","rooms/8/features/0","rooms/8/features/1","rooms/8/features/2","rooms/8/features/3","rooms/8/features/4","rooms/8/features/5","rooms/8/features/6","rooms/8/features/7","rooms/8/features/8","rooms/8/features/9","rooms/8/features/10","rooms/8/features/11","rooms/8/features/12","rooms/8/features/13","rooms/8/features/14","rooms/8/features/15","rooms/8/features/16","rooms/8/features/17","rooms/8/features/18","rooms/8/features/19","rooms/8/features/20","rooms/8/features/21","rooms/8/features/22","rooms/8/features/23","rooms/8/features/24","rooms/8/features/25","rooms/8/features/26","rooms/8/features/27","rooms/8/features/28","rooms/8/features/29","rooms/8/features/30","rooms/8/features/31","rooms/8/features/32","rooms/8/features/33","rooms/8/features/34","rooms/8/features/35","rooms/8/features/36","rooms/8/features/37","rooms/8/persons","rooms/8/price","rooms/8/roomType","rooms/9/available","rooms/9/bedType","rooms/9/conditions/0","rooms/9/conditions/1","rooms/9/currency","rooms/9/features/0","rooms/9/features/1","rooms/9/features/2","rooms/9/features/3","rooms/9/features/4","rooms/9/features/5","rooms/9/features/6","rooms/9/features/7","rooms/9/features/8","rooms/9/features/9","rooms/9/features/10","rooms/9/features/11","rooms/9/features/12","rooms/9/features/13","rooms/9/features/14","rooms/9/features/15","rooms/9/features/16","rooms/9/features/17","rooms/9/features/18","rooms/9/features/19","rooms/9/features/20","rooms/9/features/21","rooms/9/features/22","rooms/9/features/23","rooms/9/features/24","rooms/9/features/25","rooms/9/features/26","rooms/9/features/27","rooms/9/features/28","rooms/9/features/29","rooms/9/features/30","rooms/9/features/31","rooms/9/features/32","rooms/9/features/33","rooms/9/features/34","rooms/9/features/35","rooms/9/features/36","rooms/9/features/37","rooms/9/persons","rooms/9/price","rooms/9/roomType","rooms/10/available","rooms/10/bedType","rooms/10/conditions/0","rooms/10/conditions/1","rooms/10/currency","rooms/10/features/0","rooms/10/features/1","rooms/10/features/2","rooms/10/features/3","rooms/10/features/4","rooms/10/features/5","rooms/10/features/6","rooms/10/features/7","rooms/10/features/8","rooms/10/features/9","rooms/10/features/10","rooms/10/features/11","rooms/10/features/12","rooms/10/features/13","rooms/10/features/14","rooms/10/features/15","rooms/10/features/16","rooms/10/features/17","rooms/10/features/18","rooms/10/features/19","rooms/10/features/20","rooms/10/features/21","rooms/10/features/22","rooms/10/features/23","rooms/10/features/24","rooms/10/features/25","rooms/10/features/26","rooms/10/features/27","rooms/10/features/28","rooms/10/features/29","rooms/10/features/30","rooms/10/features/31","rooms/10/features/32","rooms/10/features/33","rooms/10/persons","rooms/10/price","rooms/10/roomType","rooms/11/available","rooms/11/bedType","rooms/11/conditions/0","rooms/11/conditions/1","rooms/11/currency","rooms/11/features/0","rooms/11/features/1","rooms/11/features/2","rooms/11/features/3","rooms/11/features/4","rooms/11/features/5","rooms/11/features/6","rooms/11/features/7","rooms/11/features/8","rooms/11/features/9","rooms/11/features/10","rooms/11/features/11","rooms/11/features/12","rooms/11/features/13","rooms/11/features/14","rooms/11/features/15","rooms/11/features/16","rooms/11/features/17","rooms/11/features/18","rooms/11/features/19","rooms/11/features/20","rooms/11/features/21","rooms/11/features/22","rooms/11/features/23","rooms/11/features/24","rooms/11/features/25","rooms/11/features/26","rooms/11/features/27","rooms/11/features/28","rooms/11/features/29","rooms/11/features/30","rooms/11/features/31","rooms/11/features/32","rooms/11/features/33","rooms/11/features/34","rooms/11/features/35","rooms/11/features/36","rooms/11/persons","rooms/11/price","rooms/11/roomType","rooms/12/available","rooms/12/bedType","rooms/12/conditions/0","rooms/12/conditions/1","rooms/12/currency","rooms/12/features/0","rooms/12/features/1","rooms/12/features/2","rooms/12/features/3","rooms/12/features/4","rooms/12/features/5","rooms/12/features/6","rooms/12/features/7","rooms/12/features/8","rooms/12/features/9","rooms/12/features/10","rooms/12/features/11","rooms/12/features/12","rooms/12/features/13","rooms/12/features/14","rooms/12/features/15","rooms/12/features/16","rooms/12/features/17","rooms/12/features/18","rooms/12/features/19","rooms/12/features/20","rooms/12/features/21","rooms/12/features/22","rooms/12/features/23","rooms/12/features/24","rooms/12/features/25","rooms/12/features/26","rooms/12/features/27","rooms/12/features/28","rooms/12/features/29","rooms/12/features/30","rooms/12/features/31","rooms/12/features/32","rooms/12/features/33","rooms/12/features/34","rooms/12/features/35","rooms/12/features/36","rooms/12/persons","rooms/12/price","rooms/12/roomType","stars","type","url"
"Indonesia","Jalan Brawijaya, Mojopanggung, Giri, 68425 Banyuwangi, Indonesia","68425","Jawa Timur","Jalan Brawijaya, Mojopanggung, Giri","Kontinental, Asia, A la Amerika, Buffet",,,"Salah satu pilihan utama kami di Banyuwangi.Aston Banyuwangi Hotel and Conference Center menampilkan pemandangan kota dan terletak di Banyuwangi, 19 km dari Watu Dodol. Fasilitas di akomodasi ini termasuk restoran, resepsionis 24 jam, layanan kamar, dan Wi-Fi gratis di seluruh areanya. Terdapat parkir pribadi gratis dan layanan antar-jemput bandara berbayar.
Kamar-kamarnya ber-AC serta dilengkapi dengan TV kabel layar datar, teko, shower, pengering rambut, dan meja kerja. Setiap kamar di hotel ini memiliki kamar mandi pribadi dengan amenitas kamar mandi gratis.
Anda dapat menikmati sarapan kontinental di Aston Banyuwangi Hotel and Conference Center.
Akomodasi ini berjarak 48 km dari Taman Nasional Baluran. Bandara terdekat adalah Bandara Banyuwangi, 21 km dari Aston Banyuwangi Hotel and Conference Center.","https://r-cf.bstatic.com/images/hotel/max1024x768/141/141774146.jpg",,"Aston Banyuwangi Hotel and Conference Center","4","1.246","8.6","180","true"," Pilih tempat tidur (jika tersedia) 2 single 1 double besar ","Sarapan Rp 90.000 - skor: Baik","Pembatalan GRATIS sebelum 23.59 pada 21 Juni 2020",,"Rp","23 m²","Pemandangan kota","AC","Kamar mandi dalam","TV layar datar","Kedap suara","Minibar","Wi-Fi gratis","Peralatan mandi","Shower","Brankas","Toilet","Handuk","Seprai","Stop kontak dekat tempat tidur","Lantai keramik/marmer","Meja kerja","Area tempat duduk","TV","Sandal","Telepon","Pembuat teh/kopi","Kamar terhubung","Pengering rambut","Ketel listrik","TV kabel","Layanan bangun tidur","Lantai atas bisa dicapai dengan lift","Papan Jemur Baju","Tisu toilet","Semua unit bisa diakses dengan kursi roda",,,,,,,,,,,,,,,,,"2","1.246","Kamar Superior Double atau Twin","true"," Pilih tempat tidur (jika tersedia) 2 single 1 double besar ","Termasuk sarapan - skor: Baik","Pembatalan GRATIS sebelum 23.59 pada 21 Juni 2020",,"Rp","23 m²","Pemandangan kota","AC","Kamar mandi dalam","TV layar datar","Kedap suara","Minibar","Wi-Fi gratis","Peralatan mandi","Shower","Brankas","Toilet","Handuk","Seprai","Stop kontak dekat tempat tidur","Lantai keramik/marmer","Meja kerja","Area tempat duduk","TV","Sandal","Telepon","Pembuat teh/kopi","Kamar terhubung","Pengering rambut","Ketel listrik","TV kabel","Layanan bangun tidur","Lantai atas bisa dicapai dengan lift","Papan Jemur Baju","Tisu toilet","Semua unit bisa diakses dengan kursi roda",,,,,,,,,,,,,,,,,,"2","1.383","Kamar Superior Double atau Twin","true"," Pilih tempat tidur (jika tersedia) 1 double besar 2 single ","Termasuk sarapan - skor: Baik","Pembatalan GRATIS sebelum 23.59 pada 21 Juni 2020",,"Rp","26 m²","Pemandangan kota","AC","Kamar mandi dalam","TV layar datar","Kedap suara","Minibar","Wi-Fi gratis","Peralatan mandi","Shower","Brankas","Toilet","Sofa","Handuk","Seprai","Stop kontak dekat tempat tidur","Lantai keramik/marmer","Meja kerja","Area tempat duduk","TV","Sandal","Telepon","Pembuat teh/kopi","Pengering rambut","Ketel listrik","TV kabel","Layanan bangun tidur","Papan Jemur Baju","Tisu toilet","Semua unit bisa diakses dengan kursi roda","Selengkapnya",,,,,,,,,,,,,,,"2","1.491","Kamar Premier","true"," 1 double besar ","Termasuk sarapan - skor: Baik","Pembatalan GRATIS sebelum 23.59 pada 21 Juni 2020",,"Rp","32 m²","Pemandangan kota","AC","Kamar mandi dalam","TV layar datar","Kedap suara","Minibar","Wi-Fi gratis","Peralatan mandi","Shower","Brankas","Toilet","Handuk","Seprai","Stop kontak dekat tempat tidur","Lantai keramik/marmer","Meja kerja","Area tempat duduk","TV","Sandal","Telepon","Pembuat teh/kopi","Pengering rambut","Ketel listrik","TV kabel","Layanan bangun tidur","Lantai atas bisa dicapai dengan lift","Papan Jemur Baju","Tisu toilet","Semua unit bisa diakses dengan kursi roda","Selengkapnya",,,,,,,,,,,,"2","1.709","Kamar Deluxe Double",,,,,,,,,,,,,,,,,,,,,,,,,,,,,,,,,,,,,,,,,,,,,,,,,,,,,,,,,,,,,,,,,,,,,,,,,,,,,,,,,,,,,,,,,,,,,,,,,,,,,,,,,,,,,,,,,,,,,,,,,,,,,,,,,,,,,,,,,,,,,,,,,,,,,,,,,,,,,,,,,,,,,,,,,,,,,,,,,,,,,,,,,,,,,,,,,,,,,,,,,,,,,,,,,,,,,,,,,,,,,,,,,,,,,,,,,,,,,,,,,,,,,,,,,,,,,,,,,,,,,,,,,,,,,,,,,,,,,,,,,,,,,,,,,,,,,,,,,,,,,,,,,,,,,,,,,,,,,,,,,,,,,,,,,,,,,,,,,,,,,,,,,,,,,,,,,,,,,,,,,,,,,,,,,,,,,,,,,,,,,,,,,,,,,,,,,,,,,,,,,,,,,,,,,,,,,,"4","Hotel","https://www.booking.com/hotel/id/aston-banyuwangi-city.id.html?checkin=2020-06-25&checkout=2020-06-28&selected_currency=IDR&changed_currency=1&top_currency=1&lang=id&group_adults=2&no_rooms=1"
"Indonesia","Jalan Ikan Jrabangan Nomor 2A, Banyuwangi, 68418 Banyuwangi, Indonesia","68418","Jawa Timur","Jalan Ikan Jrabangan Nomor 2A","Termasuk sarapan lezat dengan semua pilihan",,,"Titan's Greenhouse terletak di Banyuwangi, 19 km dari Watu Dodol, dan menawarkan akomodasi dengan sepeda gratis, parkir pribadi gratis, taman, serta teras. Akomodasi ini menawarkan resepsionis 24 jam, antar-jemput bandara, dapur bersama, dan Wi-Fi gratis.
Kamar-kamar di guest house ini dilengkapi dengan meja kerja.
Titan's Greenhouse menawarkan sarapan à la carte atau Asia.
Anda dapat bermain lempar darts di akomodasi ini. Daerah sekitarnya populer untuk bersepeda.
Titan's Greenhouse berjarak 48 km dari Taman Nasional Baluran. Bandara terdekat adalah Bandara Banyuwangi, 18 km dari guest house ini.","https://r-cf.bstatic.com/images/hotel/max500/103/103629063.jpg",,"Titan's Greenhouse","25","450","8.9","126","true"," 1 double ","Termasuk sarapan - skor: Hebat","Pembatalan GRATIS sebelum 23.59 pada 22 Juni 2020",,"Rp","Pemandangan taman","Pemandangan halaman dalam","Patio","Kamar mandi pribadi","Mesin pencuci piring","TV layar datar","Wi-Fi gratis","Peralatan mandi","Dapur","Toilet","Bathtub atau shower","Handuk","Seprai","Stop kontak dekat tempat tidur","Alat bersih-bersih","Lantai keramik/marmer","Meja kerja","Area tempat duduk","Pintu masuk pribadi","TV","Lemari es","TV satelit","Peralatan dapur","Kipas angin","Handuk/seprai dengan biaya tambahan","Furnitur outdoor","Area makan outdoor","Layanan bangun tidur","Lemari","Kompor","Semua unit terletak di lantai dasar","Papan Jemur Baju","Rak pengering baju","Tisu toilet",,,,,,,,,,,,,,"2","450","Kamar Economy Double","true"," 1 double ","Termasuk sarapan - skor: Hebat","Pembatalan GRATIS sebelum 23.59 pada 22 Juni 2020",,"Rp","AC","Kamar mandi pribadi","TV layar datar","Wi-Fi gratis","Pemandangan","Peralatan mandi","Toilet","Bathtub atau shower","Handuk","Seprai","Stop kontak dekat tempat tidur","Alat bersih-bersih","Lantai keramik/marmer","Meja kerja","Pintu masuk pribadi","TV","TV satelit","Handuk/seprai dengan biaya tambahan","Layanan bangun tidur","Lemari","Semua unit terletak di lantai dasar","Papan Jemur Baju","Rak pengering baju","Tisu toilet","Selengkapnya",,,,,,,,,,,,,,,,,,,,,,,,"2","600","Kamar Budget Double","true"," 1 double ","Termasuk sarapan - skor: Hebat","Pembatalan GRATIS sebelum 23.59 pada 22 Juni 2020",,"Rp","Pemandangan taman","Pemandangan halaman dalam","AC","Patio","Kamar mandi pribadi","Mesin pencuci piring","TV layar datar","Wi-Fi gratis","Peralatan mandi","Dapur","Toilet","Bathtub atau shower","Handuk","Seprai","Stop kontak dekat tempat tidur","Alat bersih-bersih","Lantai keramik/marmer","Meja kerja","Area tempat duduk","Pintu masuk pribadi","TV","Lemari es","TV satelit","Peralatan dapur","Handuk/seprai dengan biaya tambahan","Furnitur outdoor","Area makan outdoor","Layanan bangun tidur","Lemari","Kompor","Semua unit terletak di lantai dasar","Papan Jemur Baju","Rak pengering baju","Tisu toilet","Selengkapnya",,,,,,,,,,,"2","630","Kamar Deluxe","true"," 2 single ","Termasuk sarapan - skor: Hebat","Pembatalan GRATIS sebelum 23.59 pada 22 Juni 2020",,"Rp","Pemandangan taman","Pemandangan halaman dalam","AC","Patio","Kamar mandi pribadi","Mesin pencuci piring","TV layar datar","Wi-Fi gratis","Peralatan mandi","Dapur","Toilet","Bathtub atau shower","Handuk","Seprai","Stop kontak dekat tempat tidur","Alat bersih-bersih","Lantai keramik/marmer","Meja kerja","Area tempat duduk","Pintu masuk pribadi","TV","Lemari es","TV satelit","Peralatan dapur","Handuk/seprai dengan biaya tambahan","Furnitur outdoor","Area makan outdoor","Layanan bangun tidur","Lemari","Kompor","Semua unit terletak di lantai dasar","Papan Jemur Baju","Rak pengering baju","Tisu toilet","Selengkapnya",,,,,,,,"2","780","Kamar Deluxe Twin","true"," 2 double besar ","Termasuk sarapan - skor: Hebat","Pembatalan GRATIS sebelum 23.59 pada 22 Juni 2020",,"Rp","22 m²","AC","Patio","Kamar mandi pribadi","Mesin pencuci piring","TV layar datar","Wi-Fi gratis","Pemandangan","Peralatan mandi","Dapur","Toilet","Bathtub atau shower","Handuk","Seprai","Stop kontak dekat tempat tidur","Alat bersih-bersih","Lantai keramik/marmer","Meja kerja","Pintu masuk pribadi","TV","TV satelit","Peralatan dapur","Dapur kecil","Handuk/seprai dengan biaya tambahan","Lantai berkarpet","Layanan bangun tidur","Lemari","Kompor","Semua unit terletak di lantai dasar","Lantai atas hanya bisa diakses dengan tangga","Papan Jemur Baju","Rak pengering baju","Tisu toilet","Pagar pengaman bayi","Selengkapnya",,,,"4","1.2","Studio Family","true"," 1 tempat tidur tingkat ","Termasuk sarapan - skor: Hebat","Pembatalan GRATIS sebelum 23.59 pada 22 Juni 2020",,"Rp","Pemandangan taman","Pemandangan halaman dalam","AC","Patio","Mesin pencuci piring","TV layar datar","Wi-Fi gratis","Peralatan mandi","Dapur","Toilet","Bathtub atau shower","Handuk","Seprai","Stop kontak dekat tempat tidur","Alat bersih-bersih","Lantai keramik/marmer","Meja kerja","Area tempat duduk","Pintu masuk pribadi","TV","Lemari es","TV satelit","Kamar mandi bersama","Peralatan dapur","Handuk/seprai dengan biaya tambahan","Furnitur outdoor","Area makan outdoor","Layanan bangun tidur","Lemari","Kompor","Semua unit terletak di lantai dasar","Papan Jemur Baju","Rak pengering baju","Tisu toilet","Selengkapnya",,,,,,"1","270","Tempat Tidur Susun di Kamar Asrama Campuran",,,,,,,,,,,,,,,,,,,,,,,,,,,,,,,,,,,,,,,,,,,,,,,,,,,,,,,,,,,,,,,,,,,,,,,,,,,,,,,,,,,,,,,,,,,,,,,,,,,,,,,,,,,,,,,,,,,,,,,,,,,,,,,,,,,,,,,,,,,,,,,,,,,,,,,,,,,,,,,,,,,,,,,,,,,,,,,,,,,,,,,,,,,,,,,,,,,,,,,,,,,,,,,,,,,,,,,,,,,,,,,,,,,,,,,,,,,,,,,,,,,,,,,,,,,,,,,,,,,,,,,,,,,,,,,,,,,,,,,,,,,,,,,,,,,,,,,,,,,,,,,,,,,,,,,,,,,,,,,"Guest house","https://www.booking.com/hotel/id/titan-39-s-greenhouse.id.html?checkin=2020-06-25&checkout=2020-06-28&selected_currency=IDR&changed_currency=1&top_currency=1&lang=id&group_adults=2&no_rooms=1"
"Indonesia","Jl. Ikan Paus Gg. VI Lingkungan Karanganom, Banyuwangi, 68411 Banyuwangi, Indonesia","68411","Jawa Timur","Jl. Ikan Paus Gg. VI Lingkungan Karanganom",,,,"Sunrise Banyuwangi Homestay terletak di Banyuwangi, 17 km dari Watu Dodol, dan menawarkan akomodasi dengan taman serta parkir pribadi gratis.
Setiap kamar di guest house ini dilengkapi dengan lemari pakaian.
Bandara terdekat adalah Bandara Banyuwangi, 18 km dari Sunrise Banyuwangi Homestay.","https://r-cf.bstatic.com/images/hotel/max1024x768/234/234750425.jpg",,"Sunrise Banyuwangi Homestay","23","381.702",,,"true"," 1 double besar ","Sarapan sudah termasuk dalam harga","Pembatalan GRATIS sebelum 23.59 pada 23 Juni 2020",,"Rp","Kamar mandi pribadi",,,,,,,,,,,,,,,,,,,,,,,,,,,,,,,,,,,,,,,,,,,,,,,"2","381.702","Kamar Standard Double",,,,,,,,,,,,,,,,,,,,,,,,,,,,,,,,,,,,,,,,,,,,,,,,,,,,,,,,,,,,,,,,,,,,,,,,,,,,,,,,,,,,,,,,,,,,,,,,,,,,,,,,,,,,,,,,,,,,,,,,,,,,,,,,,,,,,,,,,,,,,,,,,,,,,,,,,,,,,,,,,,,,,,,,,,,,,,,,,,,,,,,,,,,,,,,,,,,,,,,,,,,,,,,,,,,,,,,,,,,,,,,,,,,,,,,,,,,,,,,,,,,,,,,,,,,,,,,,,,,,,,,,,,,,,,,,,,,,,,,,,,,,,,,,,,,,,,,,,,,,,,,,,,,,,,,,,,,,,,,,,,,,,,,,,,,,,,,,,,,,,,,,,,,,,,,,,,,,,,,,,,,,,,,,,,,,,,,,,,,,,,,,,,,,,,,,,,,,,,,,,,,,,,,,,,,,,,,,,,,,,,,,,,,,,,,,,,,,,,,,,,,,,,,,,,,,,,,,,,,,,,,,,,,,,,,,,,,,,,,,,,,,,,,,,,,,,,,,,,,,,,,,,,,,,,,,,,,,,,,,,,,,,,,,,,,,,,,,,,,,,,,,,,,,,,,,,,,,,,,,,,,,,,,,,,,,,,,,,"Guest house","https://www.booking.com/hotel/id/sunrise-banyuwangi-homestay.id.html?checkin=2020-06-25&checkout=2020-06-28&selected_currency=IDR&changed_currency=1&top_currency=1&lang=id&group_adults=2&no_rooms=1"
"Indonesia","Jalan Yos Sudarso 81 - 83, 68421 Banyuwangi, Indonesia","68421","Jawa Timur","Jalan Yos Sudarso 81 - 83","Buffet",,,"Salah satu pilihan utama kami di Banyuwangi.Terletak di Banyuwangi, berjarak12 km dari Watu Dodol, ILLIRA Hotel Banyuwangi menawarkan kamar-kamar dengan AC. Di antara fasilitas di akomodasi ini adalah resepsionis 24 jam, ruang penyimpanan bagasi, dan Wi-Fi gratis di seluruh area akomodasi. Hotel ini memiliki kolam renang outdoor dan menyuguhkan pemandangan kota, dan Anda dapat menikmati hidangan di restoran atau minuman di bar.
Hotel ini menyediakan pilihan sarapan prasmanan dan a la carte setiap pagi.
Taman Nasional Baluran berjarak 41 km dari ILLIRA Hotel Banyuwangi. Bandara terdekat adalah Bandara Banyuwangi, 24 km dari akomodasi, dan akomodasi menyediakan layanan antar-jemput bandara berbayar.","https://q-cf.bstatic.com/images/hotel/max1024x768/142/142595513.jpg",,"ILLIRA Hotel Banyuwangi","24","1.5","8.8","164","true"," 2 single ","Sarapan Rp 150.000 - skor: Baik","Non-refundable",,"Rp","27 m²","Balkon","Pemandangan kota","AC","Kamar mandi pribadi","Minibar","Wi-Fi gratis","Peralatan mandi","Shower","Brankas","Toilet","Lantai keramik/marmer","Sandal","Pembuat teh/kopi","Kamar terhubung","Papan Jemur Baju","Rak pengering baju","Tisu toilet",,,,,,,,,,,,,,,,,,,,,,,,,,,,,,"2","1.5","Kamar Eager Twin","true"," 2 single ","Termasuk sarapan - skor: Baik","Non-refundable","TANPA UANG MUKA – Bayar di akomodasi","Rp","27 m²","Balkon","Pemandangan kota","AC","Kamar mandi pribadi","Minibar","Wi-Fi gratis","Peralatan mandi","Shower","Brankas","Toilet","Lantai keramik/marmer","Sandal","Pembuat teh/kopi","Kamar terhubung","Papan Jemur Baju","Rak pengering baju","Tisu toilet",,,,,,,,,,,,,,,,,,,,,,,,,,,,,,,"2","1.8","Kamar Eager Twin","true"," 1 super-king ","Sarapan Rp 150.000 - skor: Baik","Non-refundable",,"Rp","27 m²","Balkon","Pemandangan kota","AC","Kamar mandi pribadi","Minibar","Wi-Fi gratis","Peralatan mandi","Shower","Brankas","Toilet","Lantai keramik/marmer","Sandal","Pembuat teh/kopi","Kamar terhubung","Papan Jemur Baju","Rak pengering baju","Tisu toilet","Selengkapnya",,,,,,,,,,,,,,,,,,,,,,,,,,,"2","1.5","Kamar Eager King","true"," 1 super-king ","Termasuk sarapan - skor: Baik","Non-refundable","TANPA UANG MUKA – Bayar di akomodasi","Rp","27 m²","Balkon","Pemandangan kota","AC","Kamar mandi pribadi","Minibar","Wi-Fi gratis","Peralatan mandi","Shower","Brankas","Toilet","Lantai keramik/marmer","Sandal","Pembuat teh/kopi","Kamar terhubung","Papan Jemur Baju","Rak pengering baju","Tisu toilet","Selengkapnya",,,,,,,,,,,,,,,,,,,,,,,,"2","1.8","Kamar Eager King","true"," Pilih tempat tidur (jika tersedia) 2 single 1 super-king ","Termasuk sarapan - skor: Baik","Non-refundable","TANPA UANG MUKA – Bayar di akomodasi","Rp","31 m²","Balkon","Pemandangan kota","AC","Kamar mandi pribadi","Minibar","Wi-Fi gratis","Peralatan mandi","Shower","Brankas","Toilet","Lantai keramik/marmer","Sandal","Pembuat teh/kopi","Papan Jemur Baju","Rak pengering baju","Tisu toilet","Selengkapnya",,,,,,,,,,,,,,,,,,,,,"2","2.1","Kamar Adorable Deluxe Double","true"," 1 double besar ","Termasuk sarapan - skor: Baik","Non-refundable","TANPA UANG MUKA – Bayar di akomodasi","Rp","27 m²","Pemandangan kota","AC","TV layar datar","Minibar","Wi-Fi gratis","Handuk","Seprai","Lantai keramik/marmer","Meja kerja","Sandal","TV satelit","Kamar terhubung","Layanan bangun tidur","Akses lounge eksekutif","Papan Jemur Baju","Semua unit bisa diakses dengan kursi roda","Selengkapnya",,,,,,,,,,,,,,,,,,,,,,,"2","2.55","Lantai Eksekutif King","true"," 2 single ","Termasuk sarapan - skor: Baik","Non-refundable","TANPA UANG MUKA – Bayar di akomodasi","Rp","27 m²","Pemandangan kota","AC","TV layar datar","Minibar","Wi-Fi gratis","Handuk","Seprai","Lantai keramik/marmer","Meja kerja","Sandal","TV satelit","Kamar terhubung","Layanan bangun tidur","Akses lounge eksekutif","Papan Jemur Baju","Semua unit bisa diakses dengan kursi roda","Selengkapnya",,,,,,,,,,,,,,,,,,,,,"2","2.55","Lantai Eksekutif Twin",,,,,,,,,,,,,,,,,,,,,,,,,,,,,,,,,,,,,,,,,,,,,,,,,,,,,,,,,,,,,,,,,,,,,,,,,,,,,,,,,,,,,,,,,,,,,,,,,,,,,,,,,,,,,,,,,,,,,,,,,,,,,,,,,,,,,,,,,,,,,,,,,,,,,,,,,,,,,,,,,,,,,,,,,,,,,,,,,,,,,,,,,,,,,,,,,,,,,,,,,,,,,,,,,,,,,,,,,,,,,,,,,,,,,,,,,,,,,,,,,,,,,,,,,,,,,,,,,,,,,,,,,,,,,,,"4","Hotel","https://www.booking.com/hotel/id/illira.id.html?checkin=2020-06-25&checkout=2020-06-28&selected_currency=IDR&changed_currency=1&top_currency=1&lang=id&group_adults=2&no_rooms=1"
"Indonesia","Jl. MH Thamrin Gg. Mawar No. 01, Banyuwangi, 68414 Banyuwangi, Indonesia","68414","Jawa Timur","Jl. MH Thamrin Gg. Mawar No. 01","Termasuk sarapan lezat dengan semua pilihan",,,"Salah satu pilihan utama kami di Banyuwangi.Berjarak 16 km dari Watu Dodol, Mango Tree Guest House menawarkan akomodasi dengan lounge bersama, taman, dan resepsionis 24 jam untuk kenyamanan Anda. Wi-Fi dan tempat parkir pribadi dapat diakses di homestay secara gratis.
Ada area tempat duduk dan ruang makan di semua unit.
Pilihan sarapan prasmanan dan Asia tersedia setiap pagi di Mango Tree Guest House.
Akomodasi bintang 3 ini menawarkan pemandian air panas dan teras.
Rental sepeda dan mobil tersedia di Mango Tree Guest House.
Taman Nasional Baluran berjarak 44 km dari homestay. Bandara terdekat adalah Bandara Banyuwangi, 22 km dari Mango Tree Guest House, dan tersedia layanan antar-jemput bandara berbayar.","https://cf.bstatic.com/images/hotel/max1024x768/191/191211203.jpg",,"Mango Tree Guest House","22","165","8.9","432","true"," 1 single ","Termasuk sarapan - skor: Hebat","Pembatalan GRATIS sebelum 23.59 pada 23 Juni 2020","TANPA UANG MUKA – Bayar di akomodasi","Rp","Wi-Fi gratis","Toilet","Bathtub atau shower","Seprai","Stop kontak dekat tempat tidur","Lantai keramik/marmer","Area tempat duduk","Pembuat teh/kopi","Toilet bersama","Kamar mandi bersama","Kipas angin","Furnitur outdoor","Area makan outdoor","Lemari","Ruang makan","Meja makan","Semua unit terletak di lantai dasar","Tisu toilet","Semua unit bisa diakses dengan kursi roda",,,,,,,,,,,,,,,,,,,,,,,,,,,,,"1","165","Tempat Tidur Single dalam Kamar Asrama","true"," 1 tempat tidur tingkat ","Termasuk sarapan - skor: Hebat","Pembatalan GRATIS sebelum 23.59 pada 23 Juni 2020","TANPA UANG MUKA – Bayar di akomodasi","Rp","21 m²","Balkon","AC","Teras","Wi-Fi gratis","Hot tub","Toilet","Bathtub atau shower","Seprai","Stop kontak dekat tempat tidur","Lantai keramik/marmer","Area tempat duduk","Pintu masuk pribadi","Pembuat teh/kopi","Kamar mandi bersama","Furnitur outdoor","Area makan outdoor","Ruang makan","Meja makan","Semua unit terletak di lantai dasar","Tisu toilet","Semua unit bisa diakses dengan kursi roda","Selengkapnya",,,,,,,,,,,,,,,,,,,,,,,,,,"1","210","Tempat tidur dalam Kamar Asrama Campuran 8-Tempat Tidur",,,,,,,,,,,,,,,,,,,,,,,,,,,,,,,,,,,,,,,,,,,,,,,,,,,,,,,,,,,,,,,,,,,,,,,,,,,,,,,,,,,,,,,,,,,,,,,,,,,,,,,,,,,,,,,,,,,,,,,,,,,,,,,,,,,,,,,,,,,,,,,,,,,,,,,,,,,,,,,,,,,,,,,,,,,,,,,,,,,,,,,,,,,,,,,,,,,,,,,,,,,,,,,,,,,,,,,,,,,,,,,,,,,,,,,,,,,,,,,,,,,,,,,,,,,,,,,,,,,,,,,,,,,,,,,,,,,,,,,,,,,,,,,,,,,,,,,,,,,,,,,,,,,,,,,,,,,,,,,,,,,,,,,,,,,,,,,,,,,,,,,,,,,,,,,,,,,,,,,,,,,,,,,,,,,,,,,,,,,,,,,,,,,,,,,,,,,,,,,,,,,,,,,,,,,,,,,,,,,,,,,,,,,,,,,,,,,,,,,,,,,,,,,,,,,,,,,,,,,,,,,,,,,,,,,,,,,,,,,,,,,,,,,,,,,,,,,,,,,,,,,,,,,,,,,,,,,,,,,"3","Homestay","https://www.booking.com/hotel/id/mango-tree-guest-house.id.html?checkin=2020-06-25&checkout=2020-06-28&selected_currency=IDR&changed_currency=1&top_currency=1&lang=id&group_adults=2&no_rooms=1"
"Indonesia","Jl. Raya Situbondo KM 17 Gg. Bangsring Breeze, Bangsring, Wongsorejo, 68453 Banyuwangi, Indonesia","68453","Jawa Timur","Jl. Raya Situbondo KM 17 Gg. Bangsring Breeze, Bangsring, Wongsorejo","Termasuk sarapan enak dengan semua pilihan",,,"Salah satu pilihan utama kami di Banyuwangi.Hanya berjarak 15 menit berkendara dari Pelabuhan Ketapang di Banyuwangi, Bangsring Breeze menawarkan akomodasi menakjubkan yang menghadap ke Taman Bali Barat dan Pulau Menjangan. Properti ini juga menawarkan layanan penjemputan bandara gratis serta akses WiFi gratis.
Dibutuhkan waktu 20 menit berkendara dari properti ke pusat kota Banyuwangi, dan sekitar 40 menit berkendara untuk mencapai Bandara Banyuwangi. Kawah Ijen yang terkenal berselang sekitar 1 jam dengan mobil.
Unit-unit bungalow yang elegan di Bangsring Breeze dilengkapi dengan Ac, TV layar datar, minibar, dan fasilitas membuat teh atau kopi. Kamar mandi dalamnya menyediakan shower dengan pengering rambut. Anda dapat menikmati pemandangan laut dan gunung dari teras.
Berbagai kegiatan di luar ruangan yang menakjubkan seperti kitesurfing, selancar angin, snorkelling, menyelam, hiking, dan bersepeda gunung dapat diatur di meja layanan wisata.
Untuk pilihan bersantap, Bangsring Breeze Restaurant di lokasi menyajikan hidangan lokal Jawa Timur dan Barat. Sebuah minimarket dapat ditemukan hanya dalam 15 menit berkendara.","https://cf.bstatic.com/images/hotel/max1024x768/603/60310643.jpg",,"Bangsring Breeze","20","4.74","9.1","65","true"," 1 super-king ","Termasuk sarapan - skor: Baik","Bisa dikembalikan sebagian",,"Rp","50 m²","Balkon","Pemandangan laut","Pemandangan taman","Pemandangan gunung","Kolam dengan pemandangan","AC","Patio","Kamar mandi pribadi","TV layar datar","Teras","Minibar","Wi-Fi gratis","Peralatan mandi","Jubah mandi","Brankas","Bidet","Toilet","Sofa","Bathtub atau shower","Handuk","Seprai","Stop kontak dekat tempat tidur","Lantai keramik/marmer","Meja kerja","Area tempat duduk","Pintu masuk pribadi","TV","Sandal","Lemari es","Fasilitas setrika","TV satelit","Pembuat teh/kopi","Pengering rambut","Tempat tidur ekstra panjang (> 2 meter)","Pemutar DVD","Ketel listrik","Furnitur outdoor","Area makan outdoor","Layanan bangun tidur","Lemari","Papan Jemur Baju","Rak pengering baju","Tisu toilet","Papan permainan/puzzle","Buku, DVD, atau musik untuk anak","Ranjang sofa","2","4.74","Suite dengan Balkon","true"," 1 super-king ","Termasuk sarapan - skor: Baik","Bisa dikembalikan sebagian",,"Rp","50 m²","Balkon","Pemandangan laut","Pemandangan taman","Pemandangan kolam renang","Pemandangan gunung","Kolam dengan pemandangan","AC","Patio","Kamar mandi pribadi","TV layar datar","Teras","Minibar","Wi-Fi gratis","Peralatan mandi","Jubah mandi","Brankas","Bidet","Toilet","Sofa","Bathtub atau shower","Handuk","Seprai","Stop kontak dekat tempat tidur","Lantai keramik/marmer","Meja kerja","Area tempat duduk","Pintu masuk pribadi","TV","Sandal","Lemari es","Fasilitas setrika","TV satelit","Pembuat teh/kopi","Pengering rambut","Tempat tidur ekstra panjang (> 2 meter)","Pemutar DVD","Ketel listrik","Furnitur outdoor","Area makan outdoor","Layanan bangun tidur","Lemari","Papan Jemur Baju","Rak pengering baju","Tisu toilet","Papan permainan/puzzle","Buku, DVD, atau musik untuk anak","Selengkapnya","2","4.74","Bungalow","true"," 2 single ","Termasuk sarapan - skor: Baik","Bisa dikembalikan sebagian",,"Rp","30 m²","Balkon","Pemandangan taman","Pemandangan kolam renang","Kolam dengan pemandangan","AC","Patio","Kamar mandi pribadi","TV layar datar","Teras","Minibar","Wi-Fi gratis","Peralatan mandi","Jubah mandi","Brankas","Bidet","Toilet","Bathtub atau shower","Handuk","Seprai","Stop kontak dekat tempat tidur","Lantai keramik/marmer","Meja kerja","Area tempat duduk","Pintu masuk pribadi","TV","Sandal","Lemari es","Fasilitas setrika","TV satelit","Pembuat teh/kopi","Pengering rambut","Tempat tidur ekstra panjang (> 2 meter)","Pemutar DVD","Ketel listrik","Furnitur outdoor","Area makan outdoor","Layanan bangun tidur","Lemari","Papan Jemur Baju","Rak pengering baju","Tisu toilet","Papan permainan/puzzle","Buku, DVD, atau musik untuk anak","Selengkapnya","2","4.74","Kamar Twin dengan Balkon",,,,,,,,,,,,,,,,,,,,,,,,,,,,,,,,,,,,,,,,,,,,,,,,,,,,,,,,,,,,,,,,,,,,,,,,,,,,,,,,,,,,,,,,,,,,,,,,,,,,,,,,,,,,,,,,,,,,,,,,,,,,,,,,,,,,,,,,,,,,,,,,,,,,,,,,,,,,,,,,,,,,,,,,,,,,,,,,,,,,,,,,,,,,,,,,,,,,,,,,,,,,,,,,,,,,,,,,,,,,,,,,,,,,,,,,,,,,,,,,,,,,,,,,,,,,,,,,,,,,,,,,,,,,,,,,,,,,,,,,,,,,,,,,,,,,,,,,,,,,,,,,,,,,,,,,,,,,,,,,,,,,,,,,,,,,,,,,,,,,,,,,,,,,,,,,,,,,,,,,,,,,,,,,,,,,,,,,,,,,,,,,,,,,,,,,,,,,,,,,,,,,,,,,,,,,,,,,,,,,,,,,,,,,,,,,,,,,,,,,,,,,,,,,,,,,,,,,,,,,,,,,,"3","Hotel","https://www.booking.com/hotel/id/bangsring-breeze.id.html?checkin=2020-06-25&checkout=2020-06-28&selected_currency=IDR&changed_currency=1&top_currency=1&lang=id&group_adults=2&no_rooms=1"
"Indonesia","Jl. Jaksa Agung Suprapto Gg. Annur RT4/RW2, Welaran Barat, 68416 Banyuwangi, Indonesia","68416","Jawa Timur","Jl. Jaksa Agung Suprapto Gg. Annur RT4/RW2, Welaran Barat","Termasuk sarapan sempurna dengan semua pilihan",,,"Terletak di Banyuwangi, 30 km dari Watu Dodol, Osingvacation menyediakan akomodasi dengan lounge bersama, Wi-Fi gratis, resepsionis 24 jam, dan layanan kamar. B&B ini memiliki taman dan tempat parkir pribadi gratis.
Ada area tempat duduk, ruang makan, dan dapur lengkap dengan kompor.
Anda dapat menikmati sarapan khas Asia di B&B ini.
Osingvacation menawarkan teras. Akomodasi ini menyediakan layanan rental sepeda dan mobil.
Bandara terdekat adalah Bandara Banyuwangi, 33 km dari Osingvacation. Akomodasi ini menawarkan layanan antar-jemput bandara berbayar.","https://r-cf.bstatic.com/images/hotel/max1024x768/210/210900699.jpg",,"Osingvacation","19","465","8.7","71","true"," 1 double besar ","Termasuk sarapan - skor: Istimewa","Bisa dikembalikan sebagian","TANPA UANG MUKA – Bayar di akomodasi","Rp","Bathtub","Wi-Fi gratis","Shower","Dapur","Toilet","Sofa","Perapian","Handuk","Alat bersih-bersih","Lantai keramik/marmer","Area tempat duduk","Alat press celana","Pintu masuk pribadi","Fasilitas setrika","Pembuat teh/kopi","Setrika","Toilet bersama","Kamar mandi bersama","Kamar terhubung","Peralatan dapur","Kipas angin","Tempat tidur ekstra panjang (> 2 meter)","Kamar rias","Handuk/seprai dengan biaya tambahan","Jam alarm/layanan bangun tidur","Ketel listrik","Layanan bangun tidur","Jam alarm","Lemari","Kompor","Ruang makan","Meja makan","Semua unit terletak di lantai dasar","Papan Jemur Baju","Rak pengering baju","Tisu toilet",,,,,,,,,,,,"2","465","Kamar Budget Double","true"," 1 double besar ","Termasuk sarapan - skor: Istimewa","Bisa dikembalikan sebagian","TANPA UANG MUKA – Bayar di akomodasi","Rp","Bathtub","Wi-Fi gratis","Shower","Dapur","Toilet","Sofa","Perapian","Handuk","Alat bersih-bersih","Lantai keramik/marmer","Area tempat duduk","Alat press celana","Pintu masuk pribadi","Fasilitas setrika","Pembuat teh/kopi","Setrika","Toilet bersama","Kamar mandi bersama","Kamar terhubung","Peralatan dapur","Kipas angin","Tempat tidur ekstra panjang (> 2 meter)","Kamar rias","Handuk/seprai dengan biaya tambahan","Jam alarm/layanan bangun tidur","Ketel listrik","Layanan bangun tidur","Jam alarm","Lemari","Kompor","Ruang makan","Meja makan","Semua unit terletak di lantai dasar","Papan Jemur Baju","Rak pengering baju","Tisu toilet",,,,,,,,,,,,,"1","441.75","Kamar Budget Double",,,,,,,,,,,,,,,,,,,,,,,,,,,,,,,,,,,,,,,,,,,,,,,,,,,,,,,,,,,,,,,,,,,,,,,,,,,,,,,,,,,,,,,,,,,,,,,,,,,,,,,,,,,,,,,,,,,,,,,,,,,,,,,,,,,,,,,,,,,,,,,,,,,,,,,,,,,,,,,,,,,,,,,,,,,,,,,,,,,,,,,,,,,,,,,,,,,,,,,,,,,,,,,,,,,,,,,,,,,,,,,,,,,,,,,,,,,,,,,,,,,,,,,,,,,,,,,,,,,,,,,,,,,,,,,,,,,,,,,,,,,,,,,,,,,,,,,,,,,,,,,,,,,,,,,,,,,,,,,,,,,,,,,,,,,,,,,,,,,,,,,,,,,,,,,,,,,,,,,,,,,,,,,,,,,,,,,,,,,,,,,,,,,,,,,,,,,,,,,,,,,,,,,,,,,,,,,,,,,,,,,,,,,,,,,,,,,,,,,,,,,,,,,,,,,,,,,,,,,,,,,,,,,,,,,,,,,,,,,,,,,,,,,,,,,,,,,,,,,,,,,,,,,,,,,,,,,,,,,"1","Bed & Breakfast","https://www.booking.com/hotel/id/osingvacation.id.html?checkin=2020-06-25&checkout=2020-06-28&selected_currency=IDR&changed_currency=1&top_currency=1&lang=id&group_adults=2&no_rooms=1"
"Indonesia","Jl. Letjen S Parman Gg. Merpati No.25Pakis, Kec. Banyuwangi, Kabupaten Banyuwangi, Jawa Timur, Banyuwangi, 68419 Banyuwangi, Indonesia","68419","Jawa Timur","Jl. Letjen S Parman Gg. Merpati No.25Pakis, Kec. Banyuwangi, Kabupaten Banyuwangi, Jawa Timur","Kontinental, Italia, Vegetarian, Vegan, Halal, Bebas gluten, Asia, A la Amerika, Buffet",,,"Salah satu yang paling laris di Banyuwangi Terletak di Banyuwangi, 20 km dari Watu Dodol, Cheap Inn Banyuwangi menyediakan akomodasi dengan taman, parkir pribadi gratis, dan teras. Hotel bintang 2 ini menawarkan WiFi gratis, layanan kamar, dan mesin ATM. Hotel menyediakan kamar-kamar keluarga.
Di hotel, setiap kamar dilengkapi dengan meja kerja. Menampilkan pemandangan taman, kamar-kamar di cheap inn Banyuwangi memiliki kamar mandi bersama dengan bidet dan amenitas kamar mandi gratis. Di akomodasi, semua kamar mencakup area tempat duduk.
Cheap inn Banyuwangi menawarkan sarapan kontinental atau prasmanan.
Bandara terdekat adalah Bandara Banyuwangi, 17 km dari hotel.","https://cf.bstatic.com/images/hotel/max1024x768/189/189439348.jpg",,"Cheap Inn Banyuwangi","21","216.363","8.4","26","true"," 1 double besar ","Sarapan Rp 10.000 - skor: Istimewa","Pembatalan GRATIS sebelum 23.59 pada 21 Juni 2020",,"Rp","Balkon","Pemandangan taman","Pemandangan kota","Patio","Teras","Peralatan mandi","Bidet","Toilet","Bathtub atau shower","Handuk","Seprai","Stop kontak dekat tempat tidur","Meja kerja","Area tempat duduk","Pintu masuk pribadi","Sandal","Fasilitas setrika","Setrika","Toilet bersama","Kamar mandi bersama","Kamar rias","Jam alarm/layanan bangun tidur","Lantai berkarpet","Layanan bangun tidur","Pemanggang roti","Ruang makan","Meja makan","Lantai atas hanya bisa diakses dengan tangga","Papan Jemur Baju","Ranjang lipat","Rak pengering baju","Tisu toilet",,,,,,,,,,,,,,,,"2","216.363","Kamar Economy Double","true"," 1 double besar ","Sarapan Rp 10.000 - skor: Istimewa","Pembatalan GRATIS sebelum 23.59 pada 21 Juni 2020",,"Rp","Balkon","Pemandangan taman","Pemandangan kota","AC","Patio","Teras","Peralatan mandi","Bidet","Toilet","Bathtub atau shower","Handuk","Seprai","Stop kontak dekat tempat tidur","Meja kerja","Area tempat duduk","Pintu masuk pribadi","Sandal","Fasilitas setrika","Setrika","Toilet bersama","Kamar mandi bersama","Kamar rias","Jam alarm/layanan bangun tidur","Lantai berkarpet","Layanan bangun tidur","Pemanggang roti","Ruang makan","Meja makan","Semua unit terletak di lantai dasar","Lantai atas hanya bisa diakses dengan tangga","Papan Jemur Baju","Ranjang lipat","Rak pengering baju","Tisu toilet","Semua unit bisa diakses dengan kursi roda","Selengkapnya",,,,,,,,,,,,,"2","306","Kamar Budget Double","true"," 1 double besar ","Sarapan Rp 10.000 - skor: Istimewa","Pembatalan GRATIS sebelum 23.59 pada 21 Juni 2020",,"Rp","16 m²","Balkon","Pemandangan taman","Pemandangan kota","AC","Patio","Teras","Peralatan mandi","Bidet","Toilet","Bathtub atau shower","Handuk","Seprai","Stop kontak dekat tempat tidur","Meja kerja","Area tempat duduk","Pintu masuk pribadi","Sandal","Fasilitas setrika","Setrika","Toilet bersama","Kamar mandi bersama","Kamar terhubung","Kamar rias","Jam alarm/layanan bangun tidur","Lantai berkarpet","Layanan bangun tidur","Pemanggang roti","Ruang makan","Meja makan","Semua unit terletak di lantai dasar","Lantai atas hanya bisa diakses dengan tangga","Papan Jemur Baju","Ranjang lipat","Rak pengering baju","Tisu toilet","Semua unit bisa diakses dengan kursi roda","Selengkapnya",,,,,,,,"2","340","Kamar Deluxe Double","true"," 2 double ","Sarapan Rp 10.000 - skor: Istimewa","Pembatalan GRATIS sebelum 23.59 pada 21 Juni 2020",,"Rp","32 m²","Balkon","Pemandangan taman","Pemandangan kota","AC","Patio","Teras","Peralatan mandi","Bidet","Toilet","Bathtub atau shower","Handuk","Seprai","Stop kontak dekat tempat tidur","Meja kerja","Area tempat duduk","Pintu masuk pribadi","Sandal","Fasilitas setrika","Setrika","Toilet bersama","Kamar mandi bersama","Kamar terhubung","Kamar rias","Jam alarm/layanan bangun tidur","Lantai berkarpet","Layanan bangun tidur","Pemanggang roti","Ruang makan","Meja makan","Semua unit terletak di lantai dasar","Lantai atas hanya bisa diakses dengan tangga","Papan Jemur Baju","Ranjang lipat","Rak pengering baju","Tisu toilet","Semua unit bisa diakses dengan kursi roda","Selengkapnya",,,,,"4","680","Kamar Keluarga","true"," 1 tempat tidur tingkat ","Sarapan Rp 10.000 - skor: Istimewa","Pembatalan GRATIS sebelum 23.59 pada 21 Juni 2020",,"Rp","32 m²","Balkon","Pemandangan taman","Pemandangan kota","AC","Patio","Teras","Peralatan mandi","Bidet","Toilet","Bathtub atau shower","Handuk","Seprai","Stop kontak dekat tempat tidur","Meja kerja","Area tempat duduk","Pintu masuk pribadi","Sandal","Fasilitas setrika","Setrika","Toilet bersama","Kamar mandi bersama","Kamar rias","Jam alarm/layanan bangun tidur","Layanan bangun tidur","Pemanggang roti","Ruang makan","Meja makan","Lantai atas hanya bisa diakses dengan tangga","Papan Jemur Baju","Ranjang lipat","Rak pengering baju","Tisu toilet","Selengkapnya",,,,,"1","123.636","Tempat Tidur Susun di Kamar Asrama Pria","true"," 1 tempat tidur tingkat ","Sarapan Rp 10.000 - skor: Istimewa","Pembatalan GRATIS sebelum 23.59 pada 21 Juni 2020",,"Rp","24 m²","Balkon","Pemandangan taman","Pemandangan kota","AC","Patio","Teras","Peralatan mandi","Bidet","Toilet","Bathtub atau shower","Handuk","Seprai","Stop kontak dekat tempat tidur","Meja kerja","Area tempat duduk","Pintu masuk pribadi","Sandal","Fasilitas setrika","Setrika","Toilet bersama","Kamar mandi bersama","Kamar rias","Jam alarm/layanan bangun tidur","Lantai berkarpet","Layanan bangun tidur","Pemanggang roti","Ruang makan","Meja makan","Lantai atas hanya bisa diakses dengan tangga","Papan Jemur Baju","Ranjang lipat","Rak pengering baju","Tisu toilet","Selengkapnya",,,,,,"1","123.636","Tempat Tidur Susun di Kamar Asrama Wanita",,,,,,,,,,,,,,,,,,,,,,,,,,,,,,,,,,,,,,,,,,,,,,,,,,,,,,,,,,,,,,,,,,,,,,,,,,,,,,,,,,,,,,,,,,,,,,,,,,,,,,,,,,,,,,,,,,,,,,,,,,,,,,,,,,,,,,,,,,,,,,,,,,,,,,,,,,,,,,,,,,,,,,,,,,,,,,,,,,,,,,,,,,,,,,,,,,,,,,,,,,,,,,,,,,,,,,,,,,,,,,,,,,,,,,,,,,,,,,,,,,,,,,,,,,,,,,,,,,,,,,,,,,,,,,,,,,,,,,,,,,,,,,,,,,,,,,,,,,,,,,,,,,,,,,,,,,,,,,"2","Homestay","https://www.booking.com/hotel/id/cheap-inn-banyuwangi-banyuwangi.id.html?checkin=2020-06-25&checkout=2020-06-28&selected_currency=IDR&changed_currency=1&top_currency=1&lang=id&group_adults=2&no_rooms=1"
"Indonesia","JL. Perkebunan Kalibendo, Km. 5, Desa Tamansuruh Kecamatan Glagah, 68432 Banyuwangi, Indonesia","68432","Jawa Timur","JL. Perkebunan Kalibendo, Km. 5, Desa Tamansuruh Kecamatan Glagah","Kontinental, Vegetarian, Halal, A la Amerika, Buffet",,,"Salah satu pilihan utama kami di Banyuwangi.Terletak di Banyuwangi, Villa Kemarang Banyuwangi memiliki restoran, kolam renang luar ruangan, lounge bersama, dan taman. Akomodasi ini juga menyediakan teras dan kamar-kamar keluarga. Akomodasi ini menawarkan resepsionis 24 jam, layanan antar-jemput bandara, layanan kamar, dan Wi-Fi gratis.
Kamar-kamar di hotel ini memiliki AC dan kamar mandi pribadi.
Pilihan sarapan kontinental dan prasmanan disajikan setiap pagi di Villa Kemarang Banyuwangi.
Anda dapat bermain tenis meja di akomodasi, dan tersedia rental sepeda dan mobil.
Villa Kemarang Banyuwangi terletak 25 km dari Watu Dodol. Bandara terdekat adalah Bandara Banyuwangi, 28 km dari hotel.","https://cf.bstatic.com/images/hotel/max1024x768/184/184352036.jpg",,"Villa Kemarang Banyuwangi","18","1.309","8.2","40","true"," 1 double besar ","Termasuk sarapan ringan","Bisa dikembalikan sebagian",,"Rp","27 m²","Balkon","Pemandangan taman","Pemandangan kolam renang","Pemandangan halaman dalam","AC","Kamar mandi dalam","TV layar datar","Teras","Minibar","Peralatan mandi","Toilet","Sofa","Handuk","Stop kontak dekat tempat tidur","Alat bersih-bersih","Lantai keramik/marmer","Area tempat duduk","Pemutar Blu-ray","Pintu masuk pribadi","TV","Lemari es","Fasilitas setrika","TV bayar per tayang","Kamar terhubung","Kamar rias","Handuk/seprai dengan biaya tambahan","Jam alarm/layanan bangun tidur","Furnitur outdoor","Area makan outdoor","Layanan bangun tidur","Lemari","Meja makan","Lantai atas hanya bisa diakses dengan tangga","Rak pengering baju","Tisu toilet","Pengaman soket listrik untuk anak","Ranjang sofa",,,,,,,,,,"2","1.309","Kamar King dengan Balkon","true"," 2 double ","Termasuk sarapan ringan","Bisa dikembalikan sebagian",,"Rp","36 m²","Pemandangan taman","Pemandangan kolam renang","Pemandangan halaman dalam","AC","Kamar mandi dalam","TV layar datar","Teras","Minibar","Peralatan mandi","Toilet","Sofa","Handuk","Stop kontak dekat tempat tidur","Alat bersih-bersih","Lantai keramik/marmer","Area tempat duduk","Pemutar Blu-ray","Pintu masuk pribadi","TV","Lemari es","Fasilitas setrika","TV bayar per tayang","Kamar terhubung","Kamar rias","Handuk/seprai dengan biaya tambahan","Jam alarm/layanan bangun tidur","Furnitur outdoor","Area makan outdoor","Layanan bangun tidur","Lemari","Meja makan","Semua unit terletak di lantai dasar","Rak pengering baju","Tisu toilet","Pengaman soket listrik untuk anak","Ranjang sofa","Selengkapnya",,,,,,,,,,,"2","1.496","Kamar Twin dengan Pemandangan Kolam Renang","true"," 2 double ","Termasuk sarapan ringan","Bisa dikembalikan sebagian",,"Rp","33 m²","Pemandangan taman","Pemandangan kolam renang","Pemandangan halaman dalam","AC","Kamar mandi dalam","TV layar datar","Peralatan mandi","Toilet","Handuk","Stop kontak dekat tempat tidur","Alat bersih-bersih","Lantai keramik/marmer","Area tempat duduk","Pemutar Blu-ray","Pintu masuk pribadi","TV","Fasilitas setrika","TV bayar per tayang","Kamar terhubung","Handuk/seprai dengan biaya tambahan","Jam alarm/layanan bangun tidur","Furnitur outdoor","Area makan outdoor","Layanan bangun tidur","Lantai atas hanya bisa diakses dengan tangga","Tisu toilet","Pengaman soket listrik untuk anak","Selengkapnya",,,,,,,,,,,,,,,,,"2","1.496","Kamar Superior Double atau Twin dengan Pemandangan Kolam Renang","true"," 6 single ","Termasuk sarapan ringan","Bisa dikembalikan sebagian",,"Rp","23 m²","Pemandangan taman","AC","Kamar mandi dalam","Peralatan mandi","Toilet","Handuk","Stop kontak dekat tempat tidur","Alat bersih-bersih","Lantai keramik/marmer","Pintu masuk pribadi","Fasilitas setrika","Kamar terhubung","Kamar rias","Handuk/seprai dengan biaya tambahan","Jam alarm/layanan bangun tidur","Furnitur outdoor","Area makan outdoor","Layanan bangun tidur","Lantai atas hanya bisa diakses dengan tangga","Rak pengering baju","Tisu toilet","Pengaman soket listrik untuk anak","Selengkapnya",,,,,,,,,,,,,,,,,,,"1","1.122","Kamar Asrama Campur",,,,,,,,,,,,,,,,,,,,,,,,,,,,,,,,,,,,,,,,,,,,,,,,,,,,,,,,,,,,,,,,,,,,,,,,,,,,,,,,,,,,,,,,,,,,,,,,,,,,,,,,,,,,,,,,,,,,,,,,,,,,,,,,,,,,,,,,,,,,,,,,,,,,,,,,,,,,,,,,,,,,,,,,,,,,,,,,,,,,,,,,,,,,,,,,,,,,,,,,,,,,,,,,,,,,,,,,,,,,,,,,,,,,,,,,,,,,,,,,,,,,,,,,,,,,,,,,,,,,,,,,,,,,,,,,,,,,,,,,,,,,,,,,,,,,,,,,,,,,,,,,,,,,,,,,,,,,,,,,,,,,,,,,,,,,,,,,,,,,,,,,,,,,,,,,,,,,,,,,,,,,,,,,,,,,,,,,,,,,,,,,,,,,,,,,,,,,,,,,,,,,,,,,,,,,,,"4","Hotel","https://www.booking.com/hotel/id/villa-kemarang-banyuwangi.id.html?checkin=2020-06-25&checkout=2020-06-28&selected_currency=IDR&changed_currency=1&top_currency=1&lang=id&group_adults=2&no_rooms=1"
"Indonesia","Jalan Sindoro No.5, Singotrunan, Banyuwangi, 68414 Banyuwangi, Indonesia","68414","Jawa Timur","Jalan Sindoro No.5, Singotrunan","Halal",,,"Terletak di Banyuwangi, Jawa Timur, RedDoorz Syariah near Basuki Rahmat berjarak 14 km dari Watu Dodol. Terdapat Wi-Fi gratis dan resepsionis 24 jam.
Sarapan halal disajikan setiap hari di hotel.
Bandara terdekat adalah Bandara Banyuwangi, 23 km dari RedDoorz Syariah near Basuki Rahmat.","https://r-cf.bstatic.com/images/hotel/max1024x768/169/169448730.jpg",,"RedDoorz Syariah near Basuki Rahmat","17","486.54","8.2","23","true"," 2 single ","Non-refundable",,,"Rp","22 m²","AC","Kamar mandi pribadi","TV layar datar","Wi-Fi gratis","Peralatan mandi","Shower","Toilet","Tisu toilet",,,,,,,,,,,,,,,,,,,,,,,,,,,,,,,,,,,,,,,"2","486.54","Kamar Twin","true"," 2 single ","Sarapan sudah termasuk dalam harga","Non-refundable",,"Rp","22 m²","AC","Kamar mandi pribadi","TV layar datar","Wi-Fi gratis","Peralatan mandi","Shower","Toilet","Tisu toilet",,,,,,,,,,,,,,,,,,,,,,,,,,,,,,,,,,,,,,,,"2","605.34","Kamar Twin","true"," 1 double ","Non-refundable",,,"Rp","20 m²","AC","Kamar mandi pribadi","TV layar datar","Wi-Fi gratis","Peralatan mandi","Shower","Toilet","Handuk","Tisu toilet","Selengkapnya",,,,,,,,,,,,,,,,,,,,,,,,,,,,,,,,,,,"2","491.13","Kamar Double","true"," 1 double ","Sarapan sudah termasuk dalam harga","Non-refundable",,"Rp","20 m²","AC","Kamar mandi pribadi","TV layar datar","Wi-Fi gratis","Peralatan mandi","Shower","Toilet","Handuk","Tisu toilet","Selengkapnya",,,,,,,,,,,,,,,,,,,,,,,,,,,,,,,,"2","609.93","Kamar Double","true"," 1 double besar ","Non-refundable",,,"Rp","24 m²","AC","Kamar mandi pribadi","TV layar datar","Wi-Fi gratis","Peralatan mandi","Shower","Toilet","Tisu toilet","Selengkapnya",,,,,,,,,,,,,,,,,,,,,,,,,,,,,"2","628.83","Kamar Deluxe","true"," 1 double besar ","Sarapan sudah termasuk dalam harga","Non-refundable",,"Rp","24 m²","AC","Kamar mandi pribadi","TV layar datar","Wi-Fi gratis","Peralatan mandi","Shower","Toilet","Tisu toilet","Selengkapnya",,,,,,,,,,,,,,,,,,,,,,,,,,,,,,,"2","747.63","Kamar Deluxe","true"," 2 single ","Non-refundable",,,"Rp","22 m²","AC","Kamar mandi pribadi","TV layar datar","Wi-Fi gratis","Peralatan mandi","Shower","Toilet","Tisu toilet","Selengkapnya",,,,,,,,,,,,,,,,,,,,,,,,,,,,,"2","628.83","Kamar Deluxe Twin","true"," 2 single ","Sarapan sudah termasuk dalam harga","Non-refundable","Rp","22 m²","AC","Kamar mandi pribadi","TV layar datar","Wi-Fi gratis","Peralatan mandi","Shower","Toilet","Tisu toilet","Selengkapnya",,,,,,,,,,,,,,,,,,,,,,,,,,,,,"2","747.63","Kamar Deluxe Twin",,,,,,,,,,,,,,,,,,,,,,,,,,,,,,,,,,,,,,,,,,,,,,,,,,,,,,,,,,,,,,,,,,,,,,,,,,,,,,,,,,,,,,,,,,,,,,,,,,,,,,,,,,,,,,,,,,,,,,,,,,,,,,,,,,,,,,,,,,,,,,,,,,,,,,,,,,,,,,,,,,,,,,,,,,,,,,,,,,,,,,,,,,,,,,,,,,,,,,,,,,,,,,,,,,,,,,,,,,,,,,,,,,"Guest house","https://www.booking.com/hotel/id/reddoorz-near-basuki-rahmat.id.html?checkin=2020-06-25&checkout=2020-06-28&selected_currency=IDR&changed_currency=1&top_currency=1&lang=id&group_adults=2&no_rooms=1"
"Indonesia","Desa Banjar, Kecamatan Licin 68454, Banyuwangi - Jawa Timur, Licin, 68454 Banyuwangi, Indonesia","68454","Jawa Timur","Desa Banjar, Kecamatan Licin 68454, Banyuwangi - Jawa Timur","Kontinental, Vegetarian, Halal, Asia, A la Amerika",,,"Salah satu pilihan utama kami di Banyuwangi.Terletak di Banyuwangi, 31 km dari Watu Dodol, Mi Casa Ijen Guest House menawarkan akomodasi dengan restoran, tempat parkir pribadi gratis, lounge bersama, dan taman. Akomodasi ini menyediakan kamar-kamar keluarga dan teras untuk Anda. Anda dapat menikmati pemandangan taman.
Semua kamar di guest house ini dilengkapi teko. Kamar mandi pribadinya dilengkapi dengan hot tub, pengering rambut, dan peralatan mandi gratis. Semua unit di Mi Casa Ijen Guest House memiliki area tempat duduk.
Akomodasi ini menawarkan sarapan kontinental atau ala carte.
Daerahnya populer untuk mendaki, dan rental mobil tersedia di Mi Casa Ijen Guest House.
Bandara terdekat adalah Bandara Banyuwangi, 34 km dari guest house, dan tersedia layanan antar-jemput bandara berbayar.","https://cf.bstatic.com/images/hotel/max1024x768/111/111059515.jpg",,"Mi Casa Ijen Guest House","16","1.455","9.5","154","true"," 1 double ","Non-refundable",,,"Rp","40 m²","Pemandangan taman","Pemandangan landmark","Pemandangan halaman dalam","Kamar mandi dalam","Teras","Hot tub","Peralatan mandi","Toilet","Sofa","Bathtub atau shower","Lantai kayu/parket","Handuk","Seprai","Stop kontak dekat tempat tidur","Lantai keramik/marmer","Area tempat duduk","Pintu masuk pribadi","Sandal","Lemari es","Kelambu nyamuk","Fasilitas setrika","Pengering rambut","Kipas angin","Handuk/seprai dengan biaya tambahan","Ketel listrik","Furnitur outdoor","Area makan outdoor","Layanan bangun tidur","Ruang makan","Semua unit terletak di lantai dasar","Papan Jemur Baju","Rak pengering baju","Tisu toilet",,,,,,,,,,,,,,"2","1.455","Bungalow","true"," Kamar tidur 1: 1 double besar Kamar tidur 2: 1 single dan 1 double ","Non-refundable",,,"Rp","118 m²","Balkon","Pemandangan taman","Pemandangan landmark","Pemandangan halaman dalam","Kamar mandi dalam","Teras","Hot tub","Peralatan mandi","Toilet","Sofa","Bathtub atau shower","Lantai kayu/parket","Handuk","Seprai","Stop kontak dekat tempat tidur","Area tempat duduk","Pintu masuk pribadi","Sandal","Lemari es","Kelambu nyamuk","Fasilitas setrika","Pengering rambut","Kipas angin","Handuk/seprai dengan biaya tambahan","Ketel listrik","Furnitur outdoor","Area makan outdoor","Layanan bangun tidur","Ruang makan","Semua unit terletak di lantai dasar","Lantai atas hanya bisa diakses dengan tangga","Papan Jemur Baju","Rak pengering baju","Tisu toilet","Selengkapnya",,,,,,,,,,,,,"5","3.78","Vila 2-Kamar Tidur","true"," Kamar tidur 1: 2 single dan 1 tempat tidur sofa Kamar tidur 2: 1 super-king ","Non-refundable",,,"Rp","95 m²","Balkon","Pemandangan taman","Pemandangan landmark","Pemandangan sungai","Pemandangan halaman dalam","Kamar mandi dalam","Teras","Hot tub","Peralatan mandi","Toilet","Sofa","Bathtub atau shower","Lantai kayu/parket","Handuk","Seprai","Stop kontak dekat tempat tidur","Lantai keramik/marmer","Area tempat duduk","Pintu masuk pribadi","Sandal","Lemari es","Kelambu nyamuk","Fasilitas setrika","Pengering rambut","Peralatan dapur","Dapur kecil","Kipas angin","Handuk/seprai dengan biaya tambahan","Ketel listrik","Furnitur outdoor","Area makan outdoor","Layanan bangun tidur","Kompor","Ruang makan","Semua unit terletak di lantai dasar","Lantai atas hanya bisa diakses dengan tangga","Papan Jemur Baju","Rak pengering baju","Tisu toilet","Selengkapnya",,,,,"5","3.78","Suite 2-Kamar Tidur",,,,,,,,,,,,,,,,,,,,,,,,,,,,,,,,,,,,,,,,,,,,,,,,,,,,,,,,,,,,,,,,,,,,,,,,,,,,,,,,,,,,,,,,,,,,,,,,,,,,,,,,,,,,,,,,,,,,,,,,,,,,,,,,,,,,,,,,,,,,,,,,,,,,,,,,,,,,,,,,,,,,,,,,,,,,,,,,,,,,,,,,,,,,,,,,,,,,,,,,,,,,,,,,,,,,,,,,,,,,,,,,,,,,,,,,,,,,,,,,,,,,,,,,,,,,,,,,,,,,,,,,,,,,,,,,,,,,,,,,,,,,,,,,,,,,,,,,,,,,,,,,,,,,,,,,,,,,,,,,,,,,,,,,,,,,,,,,,,,,,,,,,,,,,,,,,,,,,,,,,,,,,,,,,,,,,,,,,,,,,,,,,,,,,,,,,,,,,,,,,,,,,,,,,,,,,,,,,,,,,,,,,,,,,,,,,,,,,,,,,,,,,,,,,,,,,,,,,,,,,,,,,"3","Guest house","https://www.booking.com/hotel/id/mi-casa-guest-house.id.html?checkin=2020-06-25&checkout=2020-06-28&selected_currency=IDR&changed_currency=1&top_currency=1&lang=id&group_adults=2&no_rooms=1"
"Indonesia","jl.s.parman gang merpati no 32 Pakis Krajan Banyuwangi Gandrungcity Hostel, Banyuwangi, 68419 Banyuwangi, Indonesia","68419","Jawa Timur","jl.s.parman gang merpati no 32 Pakis Krajan Banyuwangi Gandrungcity Hostel","Termasuk sarapan enak dengan semua pilihan",,,"Gandrung City Hostel terletak di Banyuwangi, dan menyediakan Wi-Fi gratis, restoran, bar, serta taman.
Semua unit memiliki area tempat duduk dan ruang makan.
Homestay ini menyediakan sarapan khas Asia setiap hari.
Gandrung City Hostel menawarkan teras.
Terdapat layanan rental sepeda dan mobil di akomodasi ini. Anda dapat bersepeda di dekatnya.
Gandrung City Hostel berjarak 20 km dari Watu Dodol. Bandara terdekat adalah Bandara Banyuwangi, 17 km dari homestay ini. Terdapat layanan antar-jemput bandara berbayar.","https://q-cf.bstatic.com/images/hotel/max1024x768/177/177165743.jpg",,"Gandrung City Hostel","15","167.063","8.6","104","true"," 1 double ","Termasuk sarapan - skor: Baik","Non-refundable",,"Rp","16 m²","Peralatan mandi","Bidet","Toilet","Bathtub atau shower","Lantai kayu/parket","Handuk","Seprai","Stop kontak dekat tempat tidur","Lantai keramik/marmer","Meja kerja","Area tempat duduk","Pintu masuk pribadi","Fasilitas setrika","Setrika","Toilet bersama","Kamar mandi bersama","Handuk/seprai dengan biaya tambahan","Jam alarm/layanan bangun tidur","Furnitur outdoor","Area makan outdoor","Layanan bangun tidur","Ruang makan","Meja makan","Semua unit terletak di lantai dasar","Papan Jemur Baju","Rak pengering baju","Tisu toilet","Buku, DVD, atau musik untuk anak",,,,,,,,,,,,,,,,,,,"2","167.063","Kamar Economy Double","true"," 1 double ","Termasuk sarapan - skor: Baik","Non-refundable",,"Rp","16 m²","Peralatan mandi","Bidet","Toilet","Bathtub atau shower","Lantai kayu/parket","Handuk","Seprai","Stop kontak dekat tempat tidur","Lantai keramik/marmer","Meja kerja","Area tempat duduk","Pintu masuk pribadi","Fasilitas setrika","Setrika","Toilet bersama","Kamar mandi bersama","Handuk/seprai dengan biaya tambahan","Jam alarm/layanan bangun tidur","Furnitur outdoor","Area makan outdoor","Layanan bangun tidur","Ruang makan","Meja makan","Semua unit terletak di lantai dasar","Papan Jemur Baju","Rak pengering baju","Tisu toilet","Buku, DVD, atau musik untuk anak",,,,,,,,,,,,,,,,,,,,"2","204.188","Kamar Economy Double","true"," 1 double ","Termasuk sarapan - skor: Baik","Non-refundable",,"Rp","16 m²","Peralatan mandi","Bidet","Toilet","Bathtub atau shower","Lantai kayu/parket","Handuk","Seprai","Stop kontak dekat tempat tidur","Lantai keramik/marmer","Meja kerja","Area tempat duduk","Pintu masuk pribadi","Fasilitas setrika","Setrika","Toilet bersama","Kamar mandi bersama","Handuk/seprai dengan biaya tambahan","Jam alarm/layanan bangun tidur","Furnitur outdoor","Area makan outdoor","Layanan bangun tidur","Ruang makan","Meja makan","Semua unit terletak di lantai dasar","Papan Jemur Baju","Rak pengering baju","Tisu toilet","Buku, DVD, atau musik untuk anak",,,,,,,,,,,,,,,,,"1","185.625","Kamar Economy Double","true"," 1 double ","Termasuk sarapan - skor: Baik","Non-refundable",,"Rp","16 m²","Balkon","Pemandangan kota","AC","Teras","Peralatan mandi","Bidet","Toilet","Bathtub atau shower","Lantai kayu/parket","Handuk","Seprai","Stop kontak dekat tempat tidur","Lantai keramik/marmer","Meja kerja","Area tempat duduk","Pintu masuk pribadi","Fasilitas setrika","Setrika","Toilet bersama","Kamar mandi bersama","Handuk/seprai dengan biaya tambahan","Jam alarm/layanan bangun tidur","Lantai berkarpet","Furnitur outdoor","Area makan outdoor","Layanan bangun tidur","Ruang makan","Meja makan","Semua unit terletak di lantai dasar","Papan Jemur Baju","Rak pengering baju","Tisu toilet","Buku, DVD, atau musik untuk anak","Semua unit bisa diakses dengan kursi roda","Selengkapnya",,,,,,,"2","243","Kamar Budget Double","true"," 1 double ","Termasuk sarapan - skor: Baik","Non-refundable",,"Rp","16 m²","Balkon","Pemandangan kota","AC","Teras","Peralatan mandi","Bidet","Toilet","Bathtub atau shower","Lantai kayu/parket","Handuk","Seprai","Stop kontak dekat tempat tidur","Lantai keramik/marmer","Meja kerja","Area tempat duduk","Pintu masuk pribadi","Fasilitas setrika","Setrika","Toilet bersama","Kamar mandi bersama","Handuk/seprai dengan biaya tambahan","Jam alarm/layanan bangun tidur","Lantai berkarpet","Furnitur outdoor","Area makan outdoor","Layanan bangun tidur","Ruang makan","Meja makan","Semua unit terletak di lantai dasar","Papan Jemur Baju","Rak pengering baju","Tisu toilet","Buku, DVD, atau musik untuk anak","Semua unit bisa diakses dengan kursi roda","Selengkapnya",,,"2","248.4","Kamar Budget Double","true"," 1 double ","Termasuk sarapan - skor: Baik","Non-refundable",,"Rp","16 m²","Balkon","Pemandangan kota","AC","Teras","Peralatan mandi","Bidet","Toilet","Bathtub atau shower","Lantai kayu/parket","Handuk","Seprai","Stop kontak dekat tempat tidur","Lantai keramik/marmer","Meja kerja","Area tempat duduk","Pintu masuk pribadi","Fasilitas setrika","Setrika","Toilet bersama","Kamar mandi bersama","Handuk/seprai dengan biaya tambahan","Jam alarm/layanan bangun tidur","Lantai berkarpet","Furnitur outdoor","Area makan outdoor","Layanan bangun tidur","Ruang makan","Meja makan","Semua unit terletak di lantai dasar","Papan Jemur Baju","Rak pengering baju","Tisu toilet","Buku, DVD, atau musik untuk anak","Semua unit bisa diakses dengan kursi roda","Selengkapnya",,,,,"1","235.98","Kamar Budget Double","true"," 1 double ","Termasuk sarapan - skor: Baik","Non-refundable",,"Rp","16 m²","Balkon","Pemandangan","AC","Patio","Kamar mandi pribadi","Peralatan mandi","Bidet","Toilet","Bathtub atau shower","Lantai kayu/parket","Handuk","Seprai","Stop kontak dekat tempat tidur","Lantai keramik/marmer","Meja kerja","Area tempat duduk","Pintu masuk pribadi","Fasilitas setrika","Setrika","Toilet bersama","Kamar terhubung","Handuk/seprai dengan biaya tambahan","Jam alarm/layanan bangun tidur","Lantai berkarpet","Furnitur outdoor","Area makan outdoor","Layanan bangun tidur","Ruang makan","Meja makan","Semua unit terletak di lantai dasar","Lantai atas hanya bisa diakses dengan tangga","Papan Jemur Baju","Rak pengering baju","Tisu toilet","Buku, DVD, atau musik untuk anak","Semua unit bisa diakses dengan kursi roda","Selengkapnya","2","303.75","Kamar Deluxe Double","true"," 1 double ","Termasuk sarapan - skor: Baik","Non-refundable","Rp","16 m²","Balkon","Pemandangan","AC","Patio","Kamar mandi pribadi","Peralatan mandi","Bidet","Toilet","Bathtub atau shower","Lantai kayu/parket","Handuk","Seprai","Stop kontak dekat tempat tidur","Lantai keramik/marmer","Meja kerja","Area tempat duduk","Pintu masuk pribadi","Fasilitas setrika","Setrika","Toilet bersama","Kamar terhubung","Handuk/seprai dengan biaya tambahan","Jam alarm/layanan bangun tidur","Lantai berkarpet","Furnitur outdoor","Area makan outdoor","Layanan bangun tidur","Ruang makan","Meja makan","Semua unit terletak di lantai dasar","Lantai atas hanya bisa diakses dengan tangga","Papan Jemur Baju","Rak pengering baju","Tisu toilet","Buku, DVD, atau musik untuk anak","Semua unit bisa diakses dengan kursi roda","Selengkapnya","2","310.5","Kamar Deluxe Double","true"," 1 double ","Termasuk sarapan - skor: Baik","Non-refundable","Rp","16 m²","Balkon","Pemandangan","AC","Patio","Kamar mandi pribadi","Peralatan mandi","Bidet","Toilet","Bathtub atau shower","Lantai kayu/parket","Handuk","Seprai","Stop kontak dekat tempat tidur","Lantai keramik/marmer","Meja kerja","Area tempat duduk","Pintu masuk pribadi","Fasilitas setrika","Setrika","Toilet bersama","Kamar terhubung","Handuk/seprai dengan biaya tambahan","Jam alarm/layanan bangun tidur","Lantai berkarpet","Furnitur outdoor","Area makan outdoor","Layanan bangun tidur","Ruang makan","Meja makan","Semua unit terletak di lantai dasar","Lantai atas hanya bisa diakses dengan tangga","Papan Jemur Baju","Rak pengering baju","Tisu toilet","Buku, DVD, atau musik untuk anak","Semua unit bisa diakses dengan kursi roda","Selengkapnya","1","248.4","Kamar Deluxe Double","true"," 1 single ","Termasuk sarapan - skor: Baik","Non-refundable","Rp","20 m²","Balkon","Pemandangan kota","AC","Teras","Peralatan mandi","Bidet","Toilet","Bathtub atau shower","Lantai kayu/parket","Handuk","Seprai","Stop kontak dekat tempat tidur","Lantai keramik/marmer","Meja kerja","Area tempat duduk","Pintu masuk pribadi","Fasilitas setrika","Setrika","Toilet bersama","Kamar mandi bersama","Handuk/seprai dengan biaya tambahan","Jam alarm/layanan bangun tidur","Furnitur outdoor","Area makan outdoor","Layanan bangun tidur","Ruang makan","Meja makan","Semua unit terletak di lantai dasar","Papan Jemur Baju","Rak pengering baju","Tisu toilet","Buku, DVD, atau musik untuk anak","Selengkapnya",,,,,"1","121.5","Tempat Tidur Susun di Kamar Asrama Pria","true"," 1 single ","Termasuk sarapan - skor: Baik","Non-refundable","Rp","20 m²","Balkon","Pemandangan kota","AC","Teras","Peralatan mandi","Bidet","Toilet","Bathtub atau shower","Lantai kayu/parket","Handuk","Seprai","Stop kontak dekat tempat tidur","Lantai keramik/marmer","Meja kerja","Area tempat duduk","Pintu masuk pribadi","Fasilitas setrika","Setrika","Toilet bersama","Kamar mandi bersama","Handuk/seprai dengan biaya tambahan","Jam alarm/layanan bangun tidur","Furnitur outdoor","Area makan outdoor","Layanan bangun tidur","Ruang makan","Meja makan","Semua unit terletak di lantai dasar","Papan Jemur Baju","Rak pengering baju","Tisu toilet","Buku, DVD, atau musik untuk anak","Selengkapnya","1","124.2","Tempat Tidur Susun di Kamar Asrama Pria","true"," 1 single ","Termasuk sarapan - skor: Baik","Non-refundable","Rp","18 m²","Balkon","Pemandangan kota","AC","Patio","Teras","Peralatan mandi","Bidet","Toilet","Bathtub atau shower","Lantai kayu/parket","Handuk","Seprai","Stop kontak dekat tempat tidur","Lantai keramik/marmer","Meja kerja","Area tempat duduk","Pintu masuk pribadi","Fasilitas setrika","Setrika","Toilet bersama","Kamar mandi bersama","Handuk/seprai dengan biaya tambahan","Jam alarm/layanan bangun tidur","Lantai berkarpet","Furnitur outdoor","Area makan outdoor","Layanan bangun tidur","Ruang makan","Meja makan","Semua unit terletak di lantai dasar","Lantai atas hanya bisa diakses dengan tangga","Papan Jemur Baju","Rak pengering baju","Tisu toilet","Buku, DVD, atau musik untuk anak","Selengkapnya","1","127.575","Tempat Tidur Susun di Kamar Asrama Wanita","true"," 1 single ","Termasuk sarapan - skor: Baik","Non-refundable","Rp","18 m²","Balkon","Pemandangan kota","AC","Patio","Teras","Peralatan mandi","Bidet","Toilet","Bathtub atau shower","Lantai kayu/parket","Handuk","Seprai","Stop kontak dekat tempat tidur","Lantai keramik/marmer","Meja kerja","Area tempat duduk","Pintu masuk pribadi","Fasilitas setrika","Setrika","Toilet bersama","Kamar mandi bersama","Handuk/seprai dengan biaya tambahan","Jam alarm/layanan bangun tidur","Lantai berkarpet","Furnitur outdoor","Area makan outdoor","Layanan bangun tidur","Ruang makan","Meja makan","Semua unit terletak di lantai dasar","Lantai atas hanya bisa diakses dengan tangga","Papan Jemur Baju","Rak pengering baju","Tisu toilet","Buku, DVD, atau musik untuk anak","Selengkapnya","1","130.41","Tempat Tidur Susun di Kamar Asrama Wanita",,"Homestay","https://www.booking.com/hotel/id/gandrung-city-hostel.id.html?checkin=2020-06-25&checkout=2020-06-28&selected_currency=IDR&changed_currency=1&top_currency=1&lang=id&group_adults=2&no_rooms=1"
"Indonesia","Jalan Gatot Subroto KM 6, 68421 Banyuwangi, Indonesia","68421","Jawa Timur","Jalan Gatot Subroto KM 6","Kontinental, Halal, Asia, A la Amerika, Buffet",,,"Salah satu pilihan utama kami di Banyuwangi.Ketapang Indah Hotel berlokasi tidak jauh dari Pantai Ketapang - bisa dicapai dengan berjalan kaki saja. Akomodasi ini menawarkan sebuah kolam renang outdoor berukuran besar yang mencakup teras berjemur, serta meja bagian penerima tamu 24-jam. Wi-Fi gratis tersedia di seluruh area hotel.
Ketapang Indah Hotel menampilkan kamar-kamar ber-AC yang memiliki TV satelit, lemari pakaian, dan meja dengan area tempat duduk. Semua kamar juga dilengkapi dengan ketel listrik dan teras yang menyuguhkan pemandangan. Kamar mandi dalam menawarkan shower atau bathtub.
Hotel ini berselang 10 menit berkendara dari Pelabuhan Ketapang dan 15 menit berkendara dari pusat kota Banyuwangi. Akomodasi dapat dicapai dalam waktu 45 menit berkendara dari Bandara Blimbingsari.
Ketapang Indah Hotel menyediakan ruang permainan yang meliputi fasilitas tenis meja, fasilitas rapat, serta taman bermain anak-anak untuk kenyamanan Anda. Layanan binatu, antar-jemput bandara dan berbagai wisata dapat diatur berdasarkan permintaan.
Wahoo Restaurant menampilkan suasana semi-terbuka serta menyajikan masakan Asia, Indonesia, dan Eropa yang Halal. Restoran ini buka selama 24 jam.","https://q-cf.bstatic.com/images/hotel/max1024x768/200/200730883.jpg",,"Ketapang Indah Hotel","14","1.527","8.7","483","true"," Pilih tempat tidur (jika tersedia) 1 super-king 2 single ","Sarapan Rp 118.000 - skor: Hebat","Pembatalan GRATIS sebelum 23.59 pada 23 Juni 2020","TANPA UANG MUKA – Bayar di akomodasi","Rp","25 m²","Balkon","Pemandangan taman","AC","Patio","Kamar mandi dalam","TV layar datar","Teras","Wi-Fi gratis","Peralatan mandi","Shower","Brankas","Toilet","Handuk","Seprai","Stop kontak dekat tempat tidur","Lantai keramik/marmer","Meja kerja","Area tempat duduk","TV","Sandal","Telepon","TV satelit","Pembuat teh/kopi","Toilet tamu","Handuk/seprai dengan biaya tambahan","Jam alarm/layanan bangun tidur","Ketel listrik","Furnitur outdoor","Area makan outdoor","TV kabel","Layanan bangun tidur","Jam alarm","Lemari","Semua unit terletak di lantai dasar","Lantai atas hanya bisa diakses dengan tangga","Papan Jemur Baju","Tisu toilet","Semua unit bisa diakses dengan kursi roda",,,,,,,,,"2","1.527","Kamar Superior Double atau Twin","true"," Pilih tempat tidur (jika tersedia) 1 super-king 2 single ","Termasuk sarapan - skor: Hebat","Pembatalan GRATIS sebelum 23.59 pada 23 Juni 2020","TANPA UANG MUKA – Bayar di akomodasi","Rp","25 m²","Balkon","Pemandangan taman","AC","Patio","Kamar mandi dalam","TV layar datar","Teras","Wi-Fi gratis","Peralatan mandi","Shower","Brankas","Toilet","Handuk","Seprai","Stop kontak dekat tempat tidur","Lantai keramik/marmer","Meja kerja","Area tempat duduk","TV","Sandal","Telepon","TV satelit","Pembuat teh/kopi","Toilet tamu","Handuk/seprai dengan biaya tambahan","Jam alarm/layanan bangun tidur","Ketel listrik","Furnitur outdoor","Area makan outdoor","TV kabel","Layanan bangun tidur","Jam alarm","Lemari","Semua unit terletak di lantai dasar","Lantai atas hanya bisa diakses dengan tangga","Papan Jemur Baju","Tisu toilet","Semua unit bisa diakses dengan kursi roda",,,,,,,,,,"2","1.583","Kamar Superior Double atau Twin","true"," Pilih tempat tidur (jika tersedia) 1 double besar 2 single ","Termasuk sarapan - skor: Hebat","Pembatalan GRATIS sebelum 23.59 pada 23 Juni 2020","TANPA UANG MUKA – Bayar di akomodasi","Rp","25 m²","Balkon","Pemandangan taman","AC","Patio","Kamar mandi dalam","TV layar datar","Teras","Minibar","Wi-Fi gratis","Peralatan mandi","Shower","Brankas","Toilet","Handuk","Seprai","Stop kontak dekat tempat tidur","Lantai keramik/marmer","Meja kerja","Area tempat duduk","TV","Sandal","Telepon","TV satelit","Pembuat teh/kopi","Toilet tamu","Handuk/seprai dengan biaya tambahan","Jam alarm/layanan bangun tidur","Ketel listrik","Furnitur outdoor","Area makan outdoor","TV kabel","Layanan bangun tidur","Jam alarm","Lemari","Semua unit terletak di lantai dasar","Lantai atas hanya bisa diakses dengan tangga","Papan Jemur Baju","Tisu toilet","Semua unit bisa diakses dengan kursi roda","Selengkapnya",,,,,"2","1.77","Kamar Superior Double atau Twin dengan Pemandangan Taman","true"," Pilih tempat tidur (jika tersedia) 1 double besar 2 single ","Termasuk sarapan - skor: Hebat","Pembatalan GRATIS sebelum 23.59 pada 23 Juni 2020","TANPA UANG MUKA – Bayar di akomodasi","Rp","32 m²","Balkon","Pemandangan taman","AC","Patio","Kamar mandi dalam","TV layar datar","Teras","Minibar","Wi-Fi gratis","Peralatan mandi","Shower","Brankas","Toilet","Handuk","Seprai","Stop kontak dekat tempat tidur","Lantai keramik/marmer","Meja kerja","Area tempat duduk","TV","Sandal","Telepon","TV satelit","Pembuat teh/kopi","Pengering rambut","Toilet tamu","Handuk/seprai dengan biaya tambahan","Jam alarm/layanan bangun tidur","Ketel listrik","Furnitur outdoor","Area makan outdoor","TV kabel","Layanan bangun tidur","Jam alarm","Mesin Pengering baju","Lemari","Semua unit terletak di lantai dasar","Papan Jemur Baju","Tisu toilet","Semua unit bisa diakses dengan kursi roda","Selengkapnya","2","1.927","Cottage Deluxe Double atau Twin dengan Pemandangan Taman","true"," Pilih tempat tidur (jika tersedia) 2 single 1 double besar ","Termasuk sarapan & makan malam","Pembatalan GRATIS sebelum 23.59 pada 23 Juni 2020","TANPA UANG MUKA – Bayar di akomodasi","Rp","25 m²","Balkon","Pemandangan taman","AC","Patio","Kamar mandi dalam","TV layar datar","Teras","Minibar","Wi-Fi gratis","Peralatan mandi","Shower","Brankas","Toilet","Handuk","Seprai","Stop kontak dekat tempat tidur","Lantai keramik/marmer","Meja kerja","Area tempat duduk","TV","Sandal","Telepon","TV satelit","Pembuat teh/kopi","Toilet tamu","Handuk/seprai dengan biaya tambahan","Jam alarm/layanan bangun tidur","Ketel listrik","Furnitur outdoor","Area makan outdoor","TV kabel","Layanan bangun tidur","Lemari","Lantai atas hanya bisa diakses dengan tangga","Papan Jemur Baju","Tisu toilet","Selengkapnya","2","2.112","Superior Double or Twin Room with Garden View with DINNER","true"," Pilih tempat tidur (jika tersedia) 1 super-king 2 single ","Termasuk sarapan & makan malam","Pembatalan GRATIS sebelum 23.59 pada 23 Juni 2020","TANPA UANG MUKA – Bayar di akomodasi","Rp","32 m²","Balkon","Pemandangan taman","AC","Patio","Kamar mandi dalam","TV layar datar","Teras","Minibar","Wi-Fi gratis","Peralatan mandi","Shower","Brankas","Toilet","Handuk","Seprai","Stop kontak dekat tempat tidur","Lantai keramik/marmer","Meja kerja","Area tempat duduk","TV","Sandal","Telepon","TV satelit","Pembuat teh/kopi","Pengering rambut","Toilet tamu","Handuk/seprai dengan biaya tambahan","Jam alarm/layanan bangun tidur","Ketel listrik","Furnitur outdoor","Area makan outdoor","TV kabel","Layanan bangun tidur","Mesin Pengering baju","Lemari","Semua unit terletak di lantai dasar","Papan Jemur Baju","Tisu toilet","Selengkapnya","2","2.213","Deluxe Double or Twin Cottage with Garden View with DINNER",,,,,,,,,,,,,,,,,,,,,,,,,,,,,,,,,,,,,,,,,,,,,,,,,,,,,,,,,,,,,,,,,,,,,,,,,,,,,,,,,,,,,,,,,,,,,,,,,,,,,,,,,,,,,,,,,,,,,,,,,,,,,,,,,,,,,,,,,,,,,,,,,,,,,,,,,,,,,,,,,,,,,,,,,,,,,,,,,,,,,,,,,,,,,,,,,,,,,,,,,,,,,,,,,,,,,,,,,,,,,,,,,,,,,,,,,,,,,,,,,,,,,,,,,,,,,,,,,,,,,,,,,,,,,,,,,,,,,,,,,,,,,,,,,,,,,,,,,,,,,,,,,,,,,,,,,,,,,,"4","Hotel","https://www.booking.com/hotel/id/ketapang-indah.id.html?checkin=2020-06-25&checkout=2020-06-28&selected_currency=IDR&changed_currency=1&top_currency=1&lang=id&group_adults=2&no_rooms=1"
"Indonesia","Jalan Stasiun Karangasem No 2, 68431 Banyuwangi, Indonesia","68431","Jawa Timur","Jalan Stasiun Karangasem No 2",,,,"Salah satu pilihan utama kami di Banyuwangi.Sritanjung Homestay terletak di Banyuwangi, 20 km dari Watu Dodol, dan menawarkan akomodasi dengan lounge bersama, tempat parkir pribadi gratis, taman, serta teras. Guest house bintang 1 ini menyediakan Wi-Fi gratis, layanan resepsionis 24 jam, dan dapur bersama. Akomodasi bebas alergi ini berjarak 49 km dari Taman Nasional Baluran.
Semua kamar di guest house ini memiliki area tempat duduk.
Bandara terdekat adalah Bandara Banyuwangi, 22 km dari Sritanjung Homestay.","https://q-cf.bstatic.com/images/hotel/max1024x768/118/118283933.jpg",,"Sritanjung Homestay","12","261","8.8","288","true"," 1 double besar ","Pembatalan GRATIS sebelum 23.59 pada 23 Juni 2020","TANPA UANG MUKA – Bayar di akomodasi",,"Rp","20 m²","Pemandangan taman","Kedap suara","Teras","Toilet","Bathtub atau shower","Handuk","Seprai","Stop kontak dekat tempat tidur","Alat bersih-bersih","Bebas alergi","Lantai keramik/marmer","Area tempat duduk","Pintu masuk pribadi","Toilet bersama","Kamar mandi bersama","Peralatan dapur","Dapur kecil","Kipas angin","Tempat tidur ekstra panjang (> 2 meter)","Kamar rias","Handuk/seprai dengan biaya tambahan","TV kabel","Lemari","Ruang makan","Meja makan","Papan Jemur Baju","Tisu toilet","Semua unit bisa diakses dengan kursi roda",,,,,,,,,,,,,,,,,,,"2","261","Kamar Standard Double","true"," 1 double ","Pembatalan GRATIS sebelum 23.59 pada 23 Juni 2020","TANPA UANG MUKA – Bayar di akomodasi",,"Rp","25 m²","Pemandangan taman","Kamar mandi dalam","Kedap suara","Teras","Toilet","Sofa","Bathtub atau shower","Handuk","Seprai","Stop kontak dekat tempat tidur","Alat bersih-bersih","Bebas alergi","Lantai keramik/marmer","Area tempat duduk","Pintu masuk pribadi","Peralatan dapur","Dapur kecil","Kipas angin","Toilet tamu","Tempat tidur ekstra panjang (> 2 meter)","Kamar rias","Handuk/seprai dengan biaya tambahan","Area makan outdoor","Lemari","Ruang makan","Meja makan","Papan Jemur Baju","Tisu toilet","Ranjang sofa","Selengkapnya",,,,,,,,,,,,,,,,,,"2","345","Kamar Double dengan Kamar Mandi Pribadi","true"," 1 double besar ","Pembatalan GRATIS sebelum 23.59 pada 23 Juni 2020","TANPA UANG MUKA – Bayar di akomodasi",,"Rp","30 m²","AC","Kamar mandi pribadi","TV layar datar","Kedap suara","Toilet","Bathtub atau shower","Handuk","Stop kontak dekat tempat tidur","Alat bersih-bersih","Bebas alergi","Lantai keramik/marmer","Area tempat duduk","Kamar rias","Papan Jemur Baju","Tisu toilet","Selengkapnya",,,,,,,,,,,,,,,,,,,,,,,,,,,,,"2","525","Kamar Double dengan Kamar Mandi Pribadi","true"," 2 super-king ","Pembatalan GRATIS sebelum 23.59 pada 23 Juni 2020","TANPA UANG MUKA – Bayar di akomodasi",,"Rp","30 m²","Pemandangan taman","Kamar mandi dalam","Kedap suara","Teras","Peralatan mandi","Toilet","Bathtub atau shower","Handuk","Seprai","Stop kontak dekat tempat tidur","Alat bersih-bersih","Bebas alergi","Lantai keramik/marmer","Area tempat duduk","Pintu masuk pribadi","Peralatan dapur","Dapur kecil","Kipas angin","Toilet tamu","Tempat tidur ekstra panjang (> 2 meter)","Handuk/seprai dengan biaya tambahan","Area makan outdoor","Meja makan","Papan Jemur Baju","Tisu toilet","Selengkapnya",,,,,,,,,,,,,,,,"4","480","Kamar Double atau Twin dengan Kamar Mandi","true"," 1 single ","Pembatalan GRATIS sebelum 23.59 pada 23 Juni 2020","TANPA UANG MUKA – Bayar di akomodasi",,"Rp","35 m²","Pemandangan","Kedap suara","Toilet","Bathtub atau shower","Handuk","Seprai","Stop kontak dekat tempat tidur","Alat bersih-bersih","Bebas alergi","Lantai keramik/marmer","Area tempat duduk","Pintu masuk pribadi","Toilet bersama","Kamar mandi bersama","Kipas angin","Handuk/seprai dengan biaya tambahan","Papan Jemur Baju","Tisu toilet","Selengkapnya",,,,,,,,,,,,,,,,,,,"1","150","Tempat Tidur Single dalam Kamar Asrama",,,,,,,,,,,,,,,,,,,,,,,,,,,,,,,,,,,,,,,,,,,,,,,,,,,,,,,,,,,,,,,,,,,,,,,,,,,,,,,,,,,,,,,,,,,,,,,,,,,,,,,,,,,,,,,,,,,,,,,,,,,,,,,,,,,,,,,,,,,,,,,,,,,,,,,,,,,,,,,,,,,,,,,,,,,,,,,,,,,,,,,,,,,,,,,,,,,,,,,,,,,,,,,,,,,,,,,,,,,,,,,,,,,,,,,,,,,,,,,,,,,,,,,,,,,,,,,,,,,,,,,,,,,,,,,,,,,,,,,,,,,,,,,,,,,,,,,,,,,,,,,,,,,,,,,,,,,,,,,,,,,,,,,,,,,,,,,,,,,,,,,,,,,,,,,,,,,,,,,,,,,,,,,"1","Guest house","https://www.booking.com/hotel/id/shanum-homestay.id.html?checkin=2020-06-25&checkout=2020-06-28&selected_currency=IDR&changed_currency=1&top_currency=1&lang=id&group_adults=2&no_rooms=1"
"Indonesia","Jl. Yos Sudarso Klatak, 68421 Banyuwangi, Indonesia","68421","Jawa Timur","Jl. Yos Sudarso Klatak",,,,"Salah satu pilihan utama kami di Banyuwangi.Terletak di Banyuwangi, 12 km dari Watu Dodol, Dialoog Banyuwangi menyediakan akomodasi dengan restoran, tempat parkir pribadi gratis, kolam renang luar ruangan, dan bar. Terletak 41 km dari Taman Nasional Baluran, hotel ini memiliki taman dan area pantai pribadi. Akomodasi ini menawarkan resepsionis 24 jam, antar-jemput bandara, layanan kamar, dan Wi-Fi gratis di seluruh areanya.
Semua unit memiliki AC, TV kabel layar datar, teko, bidet, perlengkapan mandi gratis, dan meja. Kamar mandi bersamanya dilengkapi dengan shower. Setiap kamar di hotel ini memiliki lemari pakaian dan kamar mandi pribadi.
Sarapan ala carte disajikan setiap hari di Dialoog Banyuwangi.
Akomodasi ini menawarkan taman bermain anak-anak. Daerahnya populer untuk bersepeda, dan rental sepeda dan mobil tersedia di Dialoog Banyuwangi.
Bandara terdekat adalah Bandara Banyuwangi, 25 km dari hotel.","https://r-cf.bstatic.com/images/hotel/max1024x768/161/161868008.jpg",,"Dialoog Banyuwangi","13","4.398","8.3","99","true"," 1 super-king ","Sarapan sudah termasuk dalam harga","Non-refundable",,"Rp","36 m²","Balkon","Pemandangan halaman dalam","AC","TV layar datar","Wi-Fi gratis","Peralatan mandi","Shower","Jubah mandi","Brankas","Bidet","Toilet","Handuk","Seprai","Stop kontak dekat tempat tidur","Lantai keramik/marmer","Meja kerja","Area tempat duduk","Pintu masuk pribadi","TV","Sandal","Telepon","Pembuat teh/kopi","Kamar mandi bersama","Kamar rias","Ketel listrik","TV kabel","Layanan bangun tidur","Lemari","Semua unit terletak di lantai dasar","Lantai atas bisa dicapai dengan lift","Papan Jemur Baju","Tisu toilet",,,,,,,,,,,,,,,"2","4.398","Kamar Deluxe King","true"," 1 super-king ","Sarapan sudah termasuk dalam harga","Bisa dikembalikan sebagian",,"Rp","36 m²","Balkon","Pemandangan halaman dalam","AC","TV layar datar","Wi-Fi gratis","Peralatan mandi","Shower","Jubah mandi","Brankas","Bidet","Toilet","Handuk","Seprai","Stop kontak dekat tempat tidur","Lantai keramik/marmer","Meja kerja","Area tempat duduk","Pintu masuk pribadi","TV","Sandal","Telepon","Pembuat teh/kopi","Kamar mandi bersama","Kamar rias","Ketel listrik","TV kabel","Layanan bangun tidur","Lemari","Semua unit terletak di lantai dasar","Lantai atas bisa dicapai dengan lift","Papan Jemur Baju","Tisu toilet",,,,,,,,,,,,,,,,"2","4.887","Kamar Deluxe King","true"," 2 single ","Sarapan sudah termasuk dalam harga","Non-refundable",,"Rp","36 m²","Balkon","Pemandangan halaman dalam","AC","TV layar datar","Wi-Fi gratis","Peralatan mandi","Shower","Jubah mandi","Brankas","Bidet","Toilet","Handuk","Seprai","Stop kontak dekat tempat tidur","Lantai keramik/marmer","Meja kerja","Area tempat duduk","Pintu masuk pribadi","TV","Sandal","Telepon","Pembuat teh/kopi","Kamar mandi bersama","Kamar terhubung","Kamar rias","Ketel listrik","TV kabel","Layanan bangun tidur","Lemari","Semua unit terletak di lantai dasar","Lantai atas bisa dicapai dengan lift","Papan Jemur Baju","Tisu toilet","Selengkapnya",,,,,,,,,,,"2","4.398","Kamar Deluxe Twin","true"," 2 single ","Sarapan sudah termasuk dalam harga","Bisa dikembalikan sebagian",,"Rp","36 m²","Balkon","Pemandangan halaman dalam","AC","TV layar datar","Wi-Fi gratis","Peralatan mandi","Shower","Jubah mandi","Brankas","Bidet","Toilet","Handuk","Seprai","Stop kontak dekat tempat tidur","Lantai keramik/marmer","Meja kerja","Area tempat duduk","Pintu masuk pribadi","TV","Sandal","Telepon","Pembuat teh/kopi","Kamar mandi bersama","Kamar terhubung","Kamar rias","Ketel listrik","TV kabel","Layanan bangun tidur","Lemari","Semua unit terletak di lantai dasar","Lantai atas bisa dicapai dengan lift","Papan Jemur Baju","Tisu toilet","Selengkapnya",,,,,,,,"2","4.887","Kamar Deluxe Twin","true"," 1 super-king ","Sarapan sudah termasuk dalam harga","Non-refundable",,"Rp","36 m²","Balkon","Pemandangan laut","Pemandangan kolam renang","Kolam dengan pemandangan","AC","TV layar datar","Wi-Fi gratis","Peralatan mandi","Shower","Jubah mandi","Brankas","Bidet","Toilet","Handuk","Seprai","Stop kontak dekat tempat tidur","Lantai keramik/marmer","Meja kerja","Area tempat duduk","Pintu masuk pribadi","TV","Sandal","Telepon","Pembuat teh/kopi","Kamar mandi bersama","Kamar rias","Ketel listrik","TV kabel","Layanan bangun tidur","Lemari","Lantai atas bisa dicapai dengan lift","Papan Jemur Baju","Tisu toilet","Selengkapnya",,,,"2","5.296","Kamar Deluxe Double dengan Pemandangan Laut","true"," 1 super-king ","Sarapan sudah termasuk dalam harga","Bisa dikembalikan sebagian",,"Rp","36 m²","Balkon","Pemandangan laut","Pemandangan kolam renang","Kolam dengan pemandangan","AC","TV layar datar","Wi-Fi gratis","Peralatan mandi","Shower","Jubah mandi","Brankas","Bidet","Toilet","Handuk","Seprai","Stop kontak dekat tempat tidur","Lantai keramik/marmer","Meja kerja","Area tempat duduk","Pintu masuk pribadi","TV","Sandal","Telepon","Pembuat teh/kopi","Kamar mandi bersama","Kamar rias","Ketel listrik","TV kabel","Layanan bangun tidur","Lemari","Lantai atas bisa dicapai dengan lift","Papan Jemur Baju","Tisu toilet","Selengkapnya",,,,,,"2","5.885","Kamar Deluxe Double dengan Pemandangan Laut","true"," 2 single ","Sarapan sudah termasuk dalam harga","Non-refundable",,"Rp","36 m²","Balkon","Pemandangan laut","Pemandangan kolam renang","Kolam dengan pemandangan","AC","TV layar datar","Wi-Fi gratis","Peralatan mandi","Shower","Jubah mandi","Brankas","Bidet","Toilet","Handuk","Seprai","Stop kontak dekat tempat tidur","Lantai keramik/marmer","Meja kerja","Area tempat duduk","Pintu masuk pribadi","TV","Sandal","Telepon","Pembuat teh/kopi","Kamar mandi bersama","Kamar terhubung","Kamar rias","Ketel listrik","TV kabel","Layanan bangun tidur","Lemari","Lantai atas bisa dicapai dengan lift","Papan Jemur Baju","Tisu toilet","Selengkapnya",,,"2","5.296","Kamar Deluxe Twin dengan Pemandangan Laut","true"," 2 single ","Sarapan sudah termasuk dalam harga","Bisa dikembalikan sebagian","Rp","36 m²","Balkon","Pemandangan laut","Pemandangan kolam renang","Kolam dengan pemandangan","AC","TV layar datar","Wi-Fi gratis","Peralatan mandi","Shower","Jubah mandi","Brankas","Bidet","Toilet","Handuk","Seprai","Stop kontak dekat tempat tidur","Lantai keramik/marmer","Meja kerja","Area tempat duduk","Pintu masuk pribadi","TV","Sandal","Telepon","Pembuat teh/kopi","Kamar mandi bersama","Kamar terhubung","Kamar rias","Ketel listrik","TV kabel","Layanan bangun tidur","Lemari","Lantai atas bisa dicapai dengan lift","Papan Jemur Baju","Tisu toilet","Selengkapnya",,,"2","5.885","Kamar Deluxe Twin dengan Pemandangan Laut","true"," 1 super-king ","Sarapan sudah termasuk dalam harga","Non-refundable","Rp","56 m²","Balkon","Pemandangan laut","Pemandangan kolam renang","Kolam dengan pemandangan","AC","Bathtub spa","TV layar datar","Wi-Fi gratis","Peralatan mandi","Jubah mandi","Brankas","Bidet","Toilet","Sofa","Bathtub atau shower","Handuk","Seprai","Stop kontak dekat tempat tidur","Lantai keramik/marmer","Meja kerja","Area tempat duduk","Pintu masuk pribadi","TV","Sandal","Telepon","Pembuat teh/kopi","Kamar mandi bersama","Kamar rias","Ketel listrik","TV kabel","Layanan bangun tidur","Lemari","Lantai atas bisa dicapai dengan lift","Papan Jemur Baju","Tisu toilet","Ranjang sofa","Selengkapnya","2","6.734","Suite Junior dengan Pemandangan Samudera","true"," 1 super-king ","Sarapan sudah termasuk dalam harga","Bisa dikembalikan sebagian","Rp","56 m²","Balkon","Pemandangan laut","Pemandangan kolam renang","Kolam dengan pemandangan","AC","Bathtub spa","TV layar datar","Wi-Fi gratis","Peralatan mandi","Jubah mandi","Brankas","Bidet","Toilet","Sofa","Bathtub atau shower","Handuk","Seprai","Stop kontak dekat tempat tidur","Lantai keramik/marmer","Meja kerja","Area tempat duduk","Pintu masuk pribadi","TV","Sandal","Telepon","Pembuat teh/kopi","Kamar mandi bersama","Kamar rias","Ketel listrik","TV kabel","Layanan bangun tidur","Lemari","Lantai atas bisa dicapai dengan lift","Papan Jemur Baju","Tisu toilet","Ranjang sofa","Selengkapnya","2","7.482","Suite Junior dengan Pemandangan Samudera",,,,,,,,,,,,,,,,,,,,,,,,,,,,,,,,,,,,,,,,,,,,,,,,,,,,,,,,,,,,,,,,,,,,,,,,,,,,,,,,,,,,,,,,,,,,,,,,,,,,,,,,,,,,,,,,,,,,,,,,,,,,,,,,,,,,,,"Hotel","https://www.booking.com/hotel/id/dialoog-banyuwangi-banyuwangi.id.html?checkin=2020-06-25&checkout=2020-06-28&selected_currency=IDR&changed_currency=1&top_currency=1&lang=id&group_adults=2&no_rooms=1"
